user_id,facial_10_mouth_position,facial_11_forehead_height,facial_12_chin_shape,facial_13_eye_size,facial_14_nose_length,facial_15_lip_width,facial_16_face_width,facial_17_eyebrow_thickness,facial_18_ear_position,facial_19_face_symmetry,facial_1_jaw_asymmetry,facial_20_estimated_age,facial_21_estimated_gender,facial_2_eyebrow_height,facial_3_eye_slant,facial_4_lip_fullness,facial_5_eye_spacing,facial_6_cheekbone_prominence,facial_7_head_shape,facial_8_nose_asymmetry,facial_9_jaw_width,quest_10_days_since_registration,quest_11_session_duration,quest_12_quiz_completed,quest_13_kbit_test_completed,quest_14_deep_research_completed,quest_15_notification_enabled,quest_16_premium_user,quest_17_profile_complete,quest_18_timezone,quest_19_os_type,quest_1_age,quest_20_browser_type,quest_21_last_active_days_ago,quest_2_gender,quest_3_referral_source,quest_4_device_type,quest_5_num_photo_uploads,quest_6_num_video_uploads,quest_7_num_pdf_uploads,quest_8_num_sounds_uploads,quest_9_num_analyses,openness,conscientiousness,extraversion,agreeableness,neuroticism
1001,0.62,0.55,0.65,0.61,0.5,0.57,0.58,0.61,0.55,0.53,0.54,9,0,0.56,0.48,0.56,0.57,0.5,0.56,0.55,0.61,311,26.1,0,0,1,1,0,0,0,0,10,1,6,0,0,0,10,0,2,2,6,7,6,5,5,6
1002,0.71,0.72,0.81,0.72,0.72,0.76,0.8,0.69,0.78,0.77,0.73,8,0,0.78,0.84,0.83,0.73,0.65,0.74,0.88,0.85,9,3.3,1,0,1,1,0,0,2,2,8,1,1,0,1,0,13,0,1,1,9,9,8,8,7,7
1003,0.71,0.86,0.88,0.85,0.83,0.87,0.93,0.81,0.76,0.85,0.84,6,0,0.74,0.78,0.89,0.86,0.91,0.84,0.81,0.92,267,21.2,1,1,1,1,0,1,2,1,6,1,5,0,2,2,10,0,3,1,8,9,8,9,7,8
1004,0.5,0.44,0.6,0.51,0.42,0.48,0.6,0.45,0.48,0.49,0.51,8,1,0.52,0.45,0.61,0.37,0.46,0.53,0.57,0.39,166,12.0,0,0,1,1,0,0,5,0,8,3,7,1,0,1,7,0,5,0,5,5,5,4,6,6
1005,0.72,0.77,0.66,0.81,0.65,0.78,0.69,0.6,0.73,0.64,0.71,10,1,0.74,0.73,0.7,0.73,0.76,0.68,0.69,0.8,74,8.2,1,1,1,0,0,0,4,3,10,0,6,1,1,0,7,0,5,2,5,7,9,6,5,8
1006,0.47,0.56,0.51,0.47,0.48,0.56,0.47,0.54,0.54,0.47,0.48,15,1,0.5,0.56,0.42,0.47,0.51,0.49,0.58,0.52,205,5.6,0,0,1,1,0,1,1,3,14,1,7,1,1,2,7,0,0,0,9,5,5,5,6,7
1007,0.51,0.49,0.66,0.45,0.43,0.46,0.44,0.52,0.41,0.49,0.44,9,0,0.35,0.45,0.43,0.45,0.41,0.41,0.5,0.51,214,16.4,0,0,1,1,1,1,1,2,8,0,7,0,1,0,9,0,0,0,4,5,7,6,4,5
1008,0.45,0.4,0.45,0.36,0.44,0.44,0.3,0.43,0.44,0.29,0.41,11,0,0.29,0.38,0.34,0.33,0.34,0.39,0.35,0.32,337,15.4,0,1,1,1,0,1,2,3,11,0,3,0,4,0,11,0,1,2,5,4,3,5,6,5
1009,0.64,0.73,0.87,0.82,0.7,0.73,0.75,0.62,0.74,0.81,0.72,10,1,0.73,0.66,0.75,0.79,0.75,0.75,0.71,0.81,284,47.1,1,0,1,0,0,1,8,2,11,0,4,1,3,0,11,0,1,2,6,8,7,8,8,7
1010,0.66,0.5,0.57,0.57,0.45,0.55,0.44,0.57,0.51,0.58,0.51,7,0,0.53,0.53,0.51,0.44,0.51,0.56,0.48,0.49,331,6.2,0,0,1,1,1,1,3,0,6,0,6,0,0,1,12,0,2,1,7,4,6,6,6,6
1011,0.58,0.58,0.62,0.66,0.5,0.62,0.58,0.66,0.6,0.64,0.57,9,1,0.66,0.6,0.64,0.69,0.67,0.66,0.59,0.63,364,9.7,0,0,1,1,0,1,3,2,10,0,9,1,3,1,11,0,1,3,3,6,6,7,5,7
1012,0.65,0.44,0.52,0.54,0.51,0.53,0.61,0.5,0.51,0.5,0.53,13,0,0.49,0.57,0.61,0.48,0.52,0.52,0.54,0.54,138,9.6,1,0,1,1,0,1,3,4,13,1,4,0,3,1,11,0,2,0,3,6,6,6,7,5
1013,0.47,0.41,0.52,0.41,0.46,0.45,0.45,0.44,0.55,0.38,0.42,5,1,0.49,0.35,0.39,0.43,0.48,0.35,0.4,0.57,75,23.1,0,0,1,1,0,1,3,0,6,1,5,1,0,1,9,0,0,1,6,5,6,5,4,7
1014,0.07,0.03,0.0,0.0,0.0,0.07,0.07,0.0,0.05,0.01,0.0,11,0,0.01,0.02,0.06,0.0,0.04,0.07,0.06,0.05,72,10.0,0,0,1,1,1,0,5,1,11,3,3,0,0,0,8,1,1,0,4,4,2,2,3,2
1015,0.28,0.43,0.45,0.4,0.31,0.29,0.33,0.4,0.44,0.48,0.29,8,0,0.44,0.39,0.32,0.41,0.37,0.47,0.41,0.44,176,8.2,1,0,1,1,0,1,2,3,9,1,6,0,0,0,5,0,1,1,6,5,4,4,6,5
1016,0.41,0.42,0.54,0.36,0.39,0.33,0.43,0.39,0.31,0.39,0.38,9,0,0.47,0.47,0.49,0.4,0.43,0.42,0.39,0.45,197,1.1,1,1,1,1,0,1,3,1,10,0,10,0,2,1,10,0,2,1,5,4,6,5,4,6
1017,0.23,0.42,0.41,0.47,0.33,0.34,0.36,0.37,0.49,0.41,0.32,11,0,0.31,0.36,0.37,0.39,0.26,0.35,0.36,0.43,298,5.6,1,1,1,0,0,1,2,0,11,4,4,0,3,1,5,0,2,1,8,6,5,5,4,4
1018,0.39,0.43,0.5,0.44,0.39,0.35,0.39,0.47,0.42,0.42,0.35,15,0,0.42,0.39,0.45,0.46,0.42,0.48,0.44,0.45,44,28.9,1,0,1,1,0,1,1,3,14,0,6,0,0,0,5,0,3,1,9,5,6,5,5,5
1019,0.38,0.37,0.54,0.4,0.41,0.44,0.39,0.43,0.27,0.4,0.45,13,0,0.52,0.39,0.42,0.38,0.38,0.39,0.33,0.39,248,8.0,1,0,1,1,0,1,6,4,14,1,8,0,1,0,9,0,1,2,4,5,5,4,5,5
1020,0.42,0.42,0.52,0.48,0.36,0.44,0.44,0.48,0.44,0.32,0.52,11,1,0.39,0.42,0.45,0.46,0.49,0.48,0.39,0.44,174,11.2,1,0,1,1,0,1,2,0,11,0,5,1,0,0,8,0,1,2,9,5,5,5,6,4
1021,0.4,0.37,0.58,0.47,0.43,0.47,0.36,0.39,0.36,0.43,0.49,9,0,0.41,0.36,0.37,0.43,0.43,0.39,0.46,0.36,100,4.9,1,0,1,1,0,0,3,1,8,1,5,0,1,1,5,0,1,2,5,5,5,6,4,5
1022,0.48,0.4,0.55,0.44,0.42,0.45,0.37,0.36,0.38,0.37,0.39,9,1,0.45,0.43,0.46,0.39,0.45,0.5,0.41,0.47,251,1.5,0,1,1,1,0,1,1,0,8,0,7,1,0,0,11,0,3,1,11,7,4,4,6,5
1023,0.29,0.34,0.34,0.37,0.35,0.23,0.32,0.25,0.25,0.25,0.24,13,0,0.22,0.18,0.31,0.31,0.28,0.3,0.34,0.34,278,6.5,1,1,1,0,0,1,1,1,12,1,4,0,2,2,9,0,1,1,7,5,5,5,5,3
1024,0.38,0.35,0.46,0.33,0.4,0.36,0.34,0.39,0.42,0.37,0.46,12,1,0.48,0.39,0.38,0.44,0.43,0.43,0.42,0.44,29,10.6,1,0,1,0,0,1,2,2,12,0,8,1,1,0,9,0,2,0,8,5,6,5,6,5
1025,0.57,0.59,0.55,0.58,0.53,0.57,0.68,0.51,0.63,0.56,0.58,16,0,0.58,0.49,0.55,0.58,0.56,0.6,0.54,0.52,365,1.2,0,1,1,1,0,0,7,2,16,0,7,0,0,0,13,0,0,1,6,4,6,5,7,7
1026,0.5,0.41,0.51,0.49,0.44,0.52,0.49,0.47,0.46,0.4,0.55,12,1,0.47,0.46,0.54,0.49,0.48,0.47,0.46,0.57,313,12.9,0,0,1,0,1,0,1,2,11,0,8,1,0,0,4,0,0,4,10,5,6,6,6,6
1027,0.3,0.4,0.38,0.42,0.39,0.37,0.37,0.37,0.37,0.33,0.3,7,0,0.31,0.36,0.31,0.44,0.41,0.37,0.4,0.38,105,60.0,1,1,1,1,0,1,3,4,7,0,5,0,1,1,12,0,4,0,8,4,3,6,4,5
1028,0.37,0.39,0.46,0.38,0.37,0.33,0.39,0.36,0.32,0.34,0.31,10,0,0.41,0.34,0.35,0.36,0.25,0.32,0.37,0.45,218,10.9,0,0,1,1,0,1,1,3,11,0,4,0,3,2,12,0,4,0,5,7,4,4,4,4
1029,0.28,0.3,0.48,0.42,0.42,0.31,0.38,0.36,0.33,0.35,0.35,7,1,0.39,0.39,0.39,0.33,0.26,0.38,0.31,0.48,237,18.3,1,1,1,0,0,1,5,1,8,0,4,1,1,0,6,0,4,1,14,4,4,7,4,4
1030,0.37,0.31,0.42,0.23,0.28,0.48,0.35,0.28,0.33,0.24,0.35,11,0,0.4,0.34,0.34,0.33,0.37,0.38,0.36,0.32,243,9.8,0,0,1,1,0,0,5,1,11,1,7,0,0,0,4,0,0,1,2,5,6,2,4,6
1031,0.5,0.54,0.56,0.44,0.43,0.44,0.55,0.37,0.52,0.48,0.51,13,1,0.49,0.5,0.45,0.46,0.53,0.48,0.43,0.4,13,4.7,1,0,1,1,0,1,5,2,13,1,4,1,4,0,9,0,3,3,7,6,4,6,5,7
1032,0.4,0.4,0.49,0.49,0.39,0.38,0.32,0.29,0.33,0.42,0.39,9,0,0.54,0.36,0.44,0.42,0.43,0.4,0.34,0.44,21,3.0,0,0,1,1,0,1,8,2,10,0,7,0,2,0,7,0,3,0,5,5,3,4,5,7
1033,0.59,0.51,0.71,0.62,0.52,0.56,0.57,0.58,0.65,0.48,0.57,10,0,0.6,0.56,0.63,0.53,0.55,0.57,0.51,0.74,83,59.8,0,0,1,0,0,1,7,0,10,0,7,0,4,1,6,0,0,0,5,6,7,6,8,6
1034,0.31,0.4,0.39,0.41,0.36,0.46,0.4,0.41,0.39,0.32,0.44,13,1,0.37,0.31,0.42,0.44,0.45,0.41,0.41,0.46,145,15.8,0,0,1,1,0,1,2,1,13,0,7,1,1,1,12,0,3,1,9,4,5,4,5,6
1035,0.18,0.18,0.42,0.32,0.24,0.3,0.26,0.31,0.25,0.26,0.31,8,0,0.3,0.34,0.25,0.31,0.3,0.27,0.32,0.32,288,12.5,0,0,1,0,0,1,4,1,7,2,6,0,0,1,7,0,2,0,4,5,5,2,6,3
1036,0.52,0.67,0.71,0.75,0.62,0.62,0.79,0.63,0.67,0.67,0.65,8,1,0.61,0.53,0.6,0.66,0.68,0.69,0.68,0.58,175,5.4,1,0,1,0,0,1,7,2,7,0,6,1,3,0,11,0,3,1,7,9,5,7,6,7
1037,0.51,0.44,0.46,0.48,0.43,0.48,0.46,0.38,0.39,0.43,0.41,13,1,0.46,0.42,0.39,0.36,0.39,0.4,0.44,0.5,76,34.0,1,0,1,0,0,1,2,3,12,0,6,1,0,0,6,0,2,1,2,6,5,5,5,5
1038,0.62,0.66,0.76,0.68,0.62,0.66,0.73,0.68,0.6,0.64,0.69,5,1,0.65,0.62,0.71,0.65,0.59,0.54,0.65,0.76,197,23.7,1,0,1,1,0,0,3,1,6,1,5,1,1,1,9,0,2,2,6,7,7,5,8,6
1039,0.33,0.2,0.32,0.37,0.23,0.29,0.27,0.25,0.31,0.32,0.21,9,1,0.29,0.21,0.27,0.27,0.18,0.38,0.19,0.21,110,7.5,1,0,1,1,0,0,5,2,9,4,7,1,2,1,10,0,3,1,2,4,5,4,5,4
1040,0.31,0.31,0.52,0.4,0.38,0.48,0.37,0.41,0.46,0.39,0.32,8,0,0.36,0.33,0.43,0.32,0.43,0.33,0.46,0.32,29,34.1,0,0,1,0,0,1,0,1,7,2,2,0,2,0,2,0,3,1,5,4,4,4,5,4
1041,0.37,0.45,0.54,0.47,0.43,0.54,0.49,0.41,0.46,0.32,0.59,6,0,0.54,0.41,0.45,0.45,0.52,0.39,0.49,0.4,41,4.4,1,0,1,1,0,0,4,2,7,0,7,0,4,0,6,0,3,0,6,5,4,4,6,7
1042,0.38,0.31,0.48,0.3,0.23,0.32,0.31,0.34,0.3,0.25,0.3,7,0,0.25,0.35,0.34,0.32,0.27,0.34,0.31,0.36,347,4.4,0,0,1,1,1,0,0,3,8,0,5,0,3,1,12,0,2,1,8,4,4,6,5,4
1043,0.52,0.47,0.71,0.65,0.61,0.68,0.68,0.56,0.6,0.49,0.56,14,0,0.62,0.7,0.59,0.64,0.53,0.53,0.61,0.64,129,10.0,1,0,1,0,0,1,5,1,13,0,1,0,4,2,14,0,1,1,7,6,7,5,9,5
1044,0.36,0.3,0.41,0.35,0.28,0.33,0.29,0.29,0.29,0.3,0.44,11,1,0.42,0.3,0.36,0.35,0.39,0.38,0.35,0.35,110,33.3,1,1,1,1,0,1,7,1,10,0,2,1,4,0,5,0,7,2,4,4,6,5,4,4
1045,0.53,0.45,0.61,0.51,0.55,0.6,0.56,0.58,0.52,0.59,0.5,6,0,0.63,0.59,0.52,0.48,0.5,0.59,0.56,0.62,287,3.4,1,0,1,0,1,0,0,2,7,2,2,0,3,1,12,0,2,1,6,5,7,8,5,5
1046,0.69,0.74,0.78,0.68,0.71,0.74,0.61,0.74,0.71,0.66,0.66,14,1,0.77,0.76,0.8,0.62,0.67,0.68,0.75,0.75,154,14.8,1,0,1,0,0,1,6,1,14,1,5,1,1,0,11,0,4,2,7,7,7,8,8,5
1047,0.42,0.6,0.59,0.5,0.52,0.52,0.49,0.46,0.43,0.49,0.54,13,1,0.48,0.5,0.5,0.51,0.61,0.53,0.52,0.53,54,19.1,1,0,1,1,0,1,3,1,14,1,4,1,3,1,6,0,0,2,3,6,5,5,6,8
1048,0.17,0.14,0.3,0.21,0.13,0.08,0.05,0.18,0.17,0.18,0.19,12,0,0.19,0.13,0.18,0.24,0.19,0.24,0.19,0.23,211,15.4,1,0,1,1,0,0,4,4,13,0,7,0,0,1,7,0,2,1,7,4,3,3,4,2
1049,0.68,0.64,0.64,0.6,0.62,0.62,0.6,0.67,0.6,0.58,0.65,5,1,0.63,0.57,0.66,0.59,0.7,0.82,0.69,0.74,139,60.0,1,1,1,1,0,1,0,0,6,0,6,1,2,1,7,0,2,0,8,7,5,8,7,7
1050,0.56,0.53,0.73,0.62,0.54,0.62,0.68,0.62,0.55,0.54,0.6,14,1,0.59,0.62,0.63,0.5,0.65,0.61,0.53,0.67,75,3.0,0,0,1,1,0,0,4,0,13,0,8,1,0,0,5,0,2,0,7,7,6,5,7,6
1051,0.57,0.54,0.64,0.6,0.65,0.58,0.61,0.51,0.57,0.51,0.57,17,1,0.46,0.56,0.58,0.55,0.54,0.58,0.54,0.6,229,19.7,1,0,1,1,0,0,3,2,18,1,3,1,3,1,8,0,6,2,10,9,7,6,4,6
1052,0.5,0.46,0.51,0.5,0.42,0.45,0.44,0.45,0.54,0.42,0.5,6,0,0.41,0.57,0.46,0.48,0.51,0.51,0.52,0.5,65,3.7,1,1,1,1,1,1,3,1,7,1,5,0,0,0,11,0,2,0,8,6,6,6,6,5
1053,0.68,0.65,0.71,0.71,0.67,0.67,0.66,0.7,0.7,0.71,0.76,14,1,0.64,0.81,0.72,0.62,0.66,0.64,0.72,0.62,258,6.8,1,1,1,0,0,1,3,3,14,0,8,1,0,0,7,0,2,0,8,7,8,6,8,7
1054,0.33,0.29,0.46,0.37,0.25,0.36,0.37,0.31,0.21,0.31,0.29,14,1,0.31,0.36,0.33,0.45,0.32,0.38,0.3,0.36,177,24.8,1,0,1,0,0,1,3,0,13,1,6,1,1,0,6,0,0,3,2,5,4,5,3,4
1055,0.63,0.66,0.72,0.64,0.67,0.77,0.67,0.6,0.6,0.77,0.64,14,1,0.67,0.64,0.75,0.69,0.63,0.73,0.64,0.74,328,11.0,1,1,1,1,0,1,3,1,14,0,15,1,1,0,12,4,2,2,3,7,7,7,7,8
1056,0.39,0.37,0.42,0.39,0.39,0.35,0.3,0.38,0.36,0.37,0.35,7,0,0.31,0.35,0.47,0.35,0.42,0.38,0.34,0.32,339,19.7,1,1,1,1,0,0,7,0,7,0,7,0,0,1,9,0,1,0,5,4,6,5,5,4
1057,0.49,0.39,0.6,0.54,0.55,0.55,0.58,0.56,0.56,0.55,0.54,14,1,0.52,0.57,0.5,0.54,0.48,0.58,0.44,0.62,137,8.5,1,0,1,0,1,1,5,1,14,0,3,1,0,1,9,0,1,0,9,6,6,6,5,6
1058,0.39,0.37,0.41,0.44,0.34,0.32,0.39,0.29,0.38,0.35,0.33,8,1,0.34,0.29,0.38,0.42,0.39,0.39,0.29,0.33,28,11.9,0,0,1,0,0,1,5,2,8,0,4,1,0,1,8,0,4,0,6,3,4,5,5,6
1059,0.62,0.66,0.68,0.64,0.65,0.65,0.62,0.67,0.67,0.74,0.68,7,1,0.71,0.65,0.77,0.6,0.68,0.7,0.67,0.49,208,8.3,1,0,1,0,0,0,8,0,6,2,5,1,1,1,13,0,4,0,7,7,6,6,8,7
1060,0.91,0.94,0.97,0.89,0.76,0.92,1.0,0.9,0.91,0.87,0.94,7,1,0.95,0.91,1.0,0.85,0.94,0.97,0.9,1.0,118,23.8,1,0,1,0,0,1,2,1,8,0,8,1,3,0,10,0,1,2,10,9,9,7,9,9
1061,0.21,0.16,0.25,0.22,0.13,0.26,0.13,0.18,0.11,0.15,0.25,7,0,0.19,0.16,0.15,0.2,0.21,0.24,0.22,0.21,307,13.3,1,0,1,1,0,1,3,1,7,0,3,0,0,0,5,0,1,2,3,3,5,4,2,3
1062,0.28,0.25,0.32,0.33,0.39,0.35,0.31,0.31,0.36,0.37,0.26,14,1,0.29,0.28,0.2,0.33,0.35,0.24,0.27,0.3,310,4.9,0,0,1,1,1,1,3,2,14,1,1,1,0,0,5,0,2,2,4,6,3,5,3,6
1063,0.35,0.3,0.47,0.44,0.35,0.33,0.32,0.4,0.43,0.36,0.37,11,1,0.38,0.33,0.37,0.31,0.41,0.33,0.33,0.47,279,17.9,0,0,1,0,0,1,0,2,11,1,5,1,2,0,6,0,1,1,4,3,6,4,3,5
1064,0.23,0.18,0.34,0.27,0.16,0.23,0.2,0.23,0.23,0.25,0.28,9,0,0.25,0.21,0.2,0.31,0.32,0.3,0.37,0.33,357,2.4,1,0,1,0,0,0,3,0,10,1,6,0,2,0,7,0,6,1,3,3,5,4,4,3
1065,0.43,0.38,0.51,0.44,0.43,0.36,0.4,0.34,0.36,0.34,0.48,12,0,0.41,0.36,0.35,0.34,0.44,0.3,0.4,0.42,248,8.4,0,0,1,1,0,0,3,1,11,1,7,0,2,2,4,0,7,2,6,5,6,3,5,4
1066,0.63,0.68,0.79,0.67,0.66,0.63,0.65,0.72,0.71,0.6,0.67,8,1,0.65,0.62,0.69,0.79,0.57,0.73,0.66,0.69,334,2.2,1,1,1,0,0,1,1,0,8,0,7,1,3,1,10,0,2,0,5,6,8,6,6,8
1067,0.41,0.42,0.56,0.55,0.32,0.41,0.36,0.42,0.49,0.35,0.4,7,1,0.48,0.41,0.47,0.4,0.39,0.53,0.48,0.43,303,16.5,0,1,1,1,0,1,4,0,6,0,4,1,2,1,7,0,2,2,5,5,5,5,5,5
1068,0.65,0.62,0.67,0.63,0.61,0.58,0.56,0.47,0.53,0.52,0.62,17,0,0.67,0.54,0.7,0.44,0.55,0.56,0.54,0.6,363,4.3,1,0,1,1,0,1,1,4,17,1,2,0,1,0,9,0,3,0,6,5,5,7,8,7
1069,0.55,0.54,0.59,0.53,0.48,0.55,0.52,0.55,0.43,0.38,0.57,12,0,0.54,0.49,0.58,0.56,0.5,0.52,0.46,0.55,213,14.2,1,1,1,1,1,1,3,2,12,0,5,0,2,2,3,0,2,0,6,6,6,6,5,7
1070,0.69,0.7,0.78,0.73,0.71,0.72,0.68,0.74,0.61,0.6,0.69,14,0,0.67,0.61,0.69,0.72,0.73,0.63,0.61,0.66,341,1.7,0,0,1,1,0,1,8,0,14,3,6,0,4,0,16,0,1,2,2,7,6,7,6,7
1071,0.64,0.6,0.69,0.65,0.59,0.64,0.61,0.57,0.62,0.6,0.67,9,0,0.58,0.48,0.62,0.6,0.64,0.58,0.59,0.64,283,26.0,1,0,1,1,1,1,7,0,10,0,9,0,3,1,8,0,3,0,7,6,7,7,6,6
1072,0.64,0.62,0.72,0.72,0.55,0.64,0.66,0.67,0.66,0.55,0.56,6,0,0.63,0.65,0.74,0.69,0.66,0.7,0.56,0.54,320,6.7,0,1,1,1,0,0,6,1,6,0,3,0,3,1,7,0,3,0,4,5,7,7,7,6
1073,0.46,0.59,0.55,0.53,0.51,0.44,0.5,0.53,0.47,0.51,0.53,14,0,0.43,0.47,0.59,0.58,0.59,0.5,0.51,0.44,16,14.0,1,0,1,1,1,1,5,2,13,0,8,0,0,0,12,0,2,1,4,6,7,5,4,7
1074,0.38,0.38,0.47,0.4,0.37,0.4,0.42,0.48,0.4,0.34,0.33,11,1,0.39,0.35,0.45,0.41,0.39,0.36,0.37,0.36,34,13.8,1,1,1,1,0,1,5,1,10,2,5,1,1,2,7,0,2,0,6,4,5,5,5,5
1075,0.41,0.36,0.56,0.45,0.39,0.39,0.49,0.45,0.38,0.46,0.41,6,1,0.47,0.38,0.43,0.29,0.37,0.41,0.45,0.47,262,1.0,0,0,1,1,0,1,3,1,6,4,5,1,0,1,7,0,1,1,3,4,4,7,5,6
1076,0.6,0.67,0.77,0.71,0.63,0.66,0.73,0.63,0.68,0.54,0.74,5,0,0.68,0.64,0.7,0.77,0.76,0.78,0.65,0.69,325,20.6,0,1,1,1,1,1,1,2,6,0,2,0,3,1,11,0,4,3,5,6,7,6,8,6
1077,0.32,0.3,0.45,0.3,0.25,0.32,0.31,0.25,0.31,0.26,0.29,8,0,0.36,0.27,0.29,0.22,0.37,0.29,0.23,0.27,131,21.7,0,0,1,0,0,1,0,2,9,0,6,0,2,0,7,0,0,0,3,2,4,4,4,4
1078,0.55,0.45,0.56,0.46,0.49,0.46,0.46,0.48,0.49,0.52,0.57,7,0,0.49,0.46,0.54,0.47,0.53,0.55,0.5,0.47,78,8.9,1,0,1,0,0,1,1,2,8,0,1,0,1,1,7,0,1,2,5,7,6,5,4,6
1079,0.48,0.47,0.54,0.44,0.44,0.42,0.41,0.34,0.5,0.38,0.34,10,1,0.32,0.34,0.56,0.44,0.4,0.42,0.43,0.4,266,7.6,0,0,1,1,0,1,1,2,10,3,7,1,1,1,6,0,2,0,6,3,6,4,6,5
1080,0.58,0.55,0.64,0.65,0.66,0.56,0.58,0.56,0.48,0.5,0.59,8,0,0.53,0.51,0.66,0.62,0.6,0.61,0.58,0.58,291,6.4,1,0,1,1,1,1,1,1,7,1,7,0,1,0,7,0,0,0,4,6,5,5,7,7
1081,0.42,0.27,0.44,0.33,0.5,0.35,0.38,0.38,0.4,0.21,0.3,7,0,0.41,0.26,0.39,0.43,0.34,0.45,0.33,0.44,335,12.4,1,0,1,1,0,1,0,2,6,0,8,0,2,1,8,0,5,2,6,6,3,4,5,4
1082,0.51,0.56,0.65,0.5,0.59,0.57,0.54,0.51,0.46,0.48,0.57,6,1,0.48,0.53,0.53,0.57,0.52,0.59,0.52,0.43,31,9.6,1,0,1,0,0,1,1,1,7,0,4,1,1,0,10,0,4,3,5,4,6,5,7,6
1083,0.42,0.47,0.55,0.43,0.46,0.48,0.51,0.53,0.52,0.49,0.44,7,0,0.47,0.46,0.55,0.52,0.47,0.42,0.48,0.59,87,11.2,1,1,1,1,1,1,7,0,8,0,7,0,1,2,9,0,2,2,8,6,5,6,4,8
1084,0.39,0.34,0.46,0.39,0.37,0.38,0.37,0.36,0.38,0.25,0.33,13,1,0.3,0.29,0.44,0.39,0.35,0.35,0.4,0.36,66,9.9,1,0,1,1,0,1,1,1,12,0,7,1,0,0,9,0,2,1,6,5,5,4,5,6
1085,0.64,0.54,0.66,0.66,0.54,0.58,0.59,0.47,0.64,0.53,0.55,10,1,0.51,0.49,0.66,0.6,0.59,0.54,0.5,0.58,278,12.5,1,1,1,0,0,0,5,1,9,1,5,1,2,0,9,0,2,0,6,6,7,6,7,6
1086,0.35,0.41,0.4,0.33,0.38,0.43,0.36,0.42,0.33,0.35,0.34,6,0,0.35,0.35,0.46,0.34,0.45,0.42,0.4,0.44,328,14.8,1,0,1,1,0,1,3,2,7,0,5,0,0,0,5,0,2,2,5,4,6,5,6,6
1087,0.38,0.43,0.45,0.3,0.41,0.49,0.43,0.47,0.35,0.36,0.45,8,1,0.45,0.4,0.41,0.45,0.31,0.53,0.36,0.41,271,6.2,1,0,1,1,1,1,5,0,7,3,7,1,4,2,6,0,0,0,3,4,6,5,4,6
1088,0.55,0.51,0.59,0.53,0.42,0.46,0.56,0.47,0.49,0.46,0.45,11,1,0.48,0.46,0.57,0.52,0.46,0.48,0.54,0.54,331,24.9,0,0,1,1,0,0,0,0,10,2,5,1,1,0,6,0,1,1,5,7,5,4,6,5
1089,0.56,0.53,0.62,0.49,0.56,0.59,0.48,0.44,0.5,0.52,0.58,9,1,0.53,0.46,0.59,0.51,0.47,0.67,0.51,0.46,42,13.4,1,0,1,1,0,1,2,1,9,2,3,1,3,0,9,0,0,0,4,5,5,6,6,7
1090,0.2,0.21,0.41,0.18,0.16,0.23,0.16,0.28,0.19,0.21,0.17,15,1,0.22,0.19,0.26,0.31,0.28,0.29,0.18,0.27,187,13.0,1,0,1,0,0,1,6,1,14,3,7,1,0,1,7,0,0,1,3,3,4,4,2,5
1091,0.3,0.32,0.56,0.4,0.29,0.38,0.35,0.43,0.31,0.32,0.4,6,1,0.45,0.34,0.45,0.39,0.38,0.3,0.29,0.34,345,8.7,1,1,1,0,0,1,3,1,6,3,8,1,1,0,11,0,1,1,8,5,6,4,5,5
1092,0.43,0.51,0.5,0.41,0.51,0.46,0.47,0.44,0.46,0.33,0.49,12,0,0.42,0.47,0.37,0.48,0.34,0.43,0.43,0.36,220,37.5,1,0,1,1,0,1,0,0,13,2,5,0,3,0,11,0,3,1,5,5,7,6,4,5
1093,0.16,0.13,0.35,0.25,0.14,0.18,0.09,0.14,0.06,0.1,0.17,11,1,0.17,0.09,0.16,0.2,0.21,0.13,0.14,0.21,225,2.2,0,0,1,1,0,1,2,3,10,0,5,1,2,1,6,0,1,1,9,4,3,6,3,3
1094,0.25,0.32,0.27,0.26,0.25,0.12,0.25,0.19,0.33,0.17,0.23,14,0,0.16,0.2,0.33,0.29,0.26,0.26,0.18,0.12,115,17.2,0,0,1,1,1,1,0,1,14,0,7,0,2,1,9,0,2,1,4,5,2,4,5,5
1095,0.39,0.43,0.61,0.56,0.55,0.48,0.5,0.49,0.5,0.4,0.48,5,0,0.51,0.51,0.51,0.5,0.56,0.46,0.6,0.58,308,15.7,1,1,1,1,0,1,4,0,6,1,5,0,0,0,8,0,0,2,9,7,7,4,6,7
1096,0.42,0.41,0.49,0.48,0.42,0.45,0.4,0.52,0.5,0.43,0.4,12,0,0.47,0.45,0.52,0.47,0.51,0.47,0.41,0.52,309,3.3,0,0,1,0,0,0,5,0,11,1,7,0,1,0,12,0,6,0,5,6,6,4,6,6
1097,0.29,0.28,0.38,0.22,0.33,0.31,0.36,0.41,0.32,0.22,0.32,7,1,0.31,0.28,0.45,0.28,0.37,0.29,0.32,0.44,99,12.5,1,0,1,1,0,1,7,1,8,3,4,1,0,0,13,0,1,2,5,6,5,3,5,5
1098,0.65,0.54,0.63,0.61,0.55,0.48,0.51,0.59,0.57,0.45,0.57,7,0,0.51,0.49,0.62,0.48,0.51,0.49,0.62,0.57,263,18.6,0,1,1,0,1,1,3,2,8,0,4,0,1,1,13,0,1,1,10,8,7,6,5,4
1099,0.62,0.59,0.66,0.52,0.68,0.62,0.53,0.6,0.54,0.57,0.62,12,1,0.53,0.66,0.64,0.63,0.59,0.57,0.54,0.59,15,23.9,0,0,1,1,0,1,2,0,11,1,6,1,2,0,7,0,4,1,6,6,7,7,7,6
1100,0.48,0.37,0.54,0.57,0.5,0.5,0.56,0.47,0.44,0.53,0.5,7,0,0.53,0.4,0.67,0.47,0.55,0.57,0.44,0.51,344,9.3,1,0,1,0,0,1,3,0,8,1,3,0,1,0,7,0,3,1,4,6,6,6,5,4
1101,0.48,0.6,0.65,0.6,0.56,0.56,0.58,0.57,0.59,0.46,0.6,8,1,0.5,0.53,0.61,0.59,0.54,0.58,0.52,0.5,88,1.9,0,0,1,0,1,1,2,1,7,1,5,1,2,0,9,0,2,0,4,6,5,7,7,5
1102,0.6,0.47,0.48,0.41,0.4,0.5,0.62,0.5,0.5,0.48,0.53,8,0,0.54,0.48,0.56,0.48,0.45,0.53,0.42,0.46,91,16.8,1,1,1,1,0,0,2,3,7,1,8,0,2,0,7,0,4,2,4,6,5,5,6,5
1103,0.73,0.57,0.71,0.67,0.63,0.61,0.73,0.52,0.56,0.68,0.64,11,1,0.56,0.61,0.71,0.6,0.68,0.75,0.64,0.64,299,27.2,1,0,1,1,0,1,3,3,12,0,5,1,3,0,11,0,4,0,7,5,7,8,8,6
1104,0.38,0.4,0.48,0.36,0.46,0.52,0.36,0.45,0.48,0.37,0.36,12,0,0.43,0.46,0.39,0.42,0.38,0.45,0.5,0.47,291,5.2,1,0,1,1,0,1,1,2,11,1,6,0,0,0,10,0,4,2,8,5,6,6,6,4
1105,0.55,0.51,0.58,0.57,0.61,0.56,0.5,0.6,0.62,0.44,0.62,13,1,0.62,0.57,0.66,0.53,0.58,0.54,0.53,0.61,334,12.5,1,0,1,1,0,1,6,1,13,0,9,1,2,0,8,0,3,1,4,6,7,5,6,8
1106,0.28,0.33,0.42,0.35,0.34,0.34,0.3,0.31,0.3,0.23,0.25,13,0,0.35,0.34,0.33,0.3,0.29,0.23,0.38,0.32,204,1.0,0,0,1,0,0,1,4,1,13,0,5,0,3,1,4,0,4,0,3,3,5,4,3,7
1107,0.61,0.65,0.72,0.54,0.61,0.66,0.7,0.7,0.7,0.62,0.67,15,1,0.73,0.6,0.64,0.67,0.73,0.6,0.61,0.74,151,5.3,1,0,1,0,0,1,8,1,14,3,3,1,1,0,4,0,2,2,8,6,7,6,8,7
1108,0.68,0.71,0.64,0.66,0.66,0.74,0.66,0.64,0.69,0.62,0.62,10,1,0.64,0.53,0.71,0.59,0.58,0.64,0.67,0.72,224,19.1,1,0,1,0,0,1,4,3,10,1,4,1,4,0,9,0,3,1,8,6,6,7,8,6
1109,0.95,0.83,0.88,0.9,0.87,0.92,0.82,0.81,0.91,0.83,0.89,11,0,0.83,0.72,0.9,0.79,0.92,0.85,0.84,0.9,365,20.6,0,1,1,1,0,1,2,4,11,0,5,0,2,0,8,0,3,1,10,9,9,8,7,8
1110,0.34,0.36,0.46,0.49,0.43,0.38,0.48,0.41,0.48,0.34,0.46,13,0,0.41,0.47,0.45,0.45,0.42,0.44,0.47,0.46,353,1.0,1,0,1,1,0,0,3,3,12,0,4,0,0,0,7,0,1,1,8,5,4,4,5,4
1111,0.77,0.68,0.79,0.85,0.91,0.78,0.88,0.77,0.74,0.76,0.75,11,1,0.85,0.75,0.76,0.8,0.8,0.83,0.84,0.81,312,40.7,1,1,1,1,0,1,2,3,10,3,5,1,0,0,8,0,1,1,5,7,8,9,6,8
1112,0.28,0.25,0.48,0.29,0.3,0.35,0.22,0.27,0.33,0.29,0.35,6,1,0.28,0.23,0.24,0.33,0.34,0.31,0.37,0.36,285,7.0,1,0,1,1,0,0,8,1,6,0,7,1,0,1,8,0,1,1,9,5,4,3,4,4
1113,0.35,0.29,0.42,0.28,0.31,0.32,0.37,0.22,0.26,0.2,0.44,12,1,0.37,0.36,0.33,0.31,0.33,0.31,0.26,0.36,290,4.2,1,0,1,1,0,1,3,0,11,4,6,1,1,1,8,4,1,0,4,5,5,3,3,5
1114,0.58,0.59,0.63,0.59,0.57,0.54,0.59,0.42,0.61,0.59,0.56,12,1,0.64,0.51,0.63,0.6,0.6,0.63,0.62,0.71,289,2.2,1,1,1,1,0,1,1,1,13,2,8,1,4,0,11,0,0,1,8,6,8,6,6,4
1115,0.31,0.4,0.4,0.34,0.37,0.34,0.31,0.35,0.4,0.4,0.32,11,0,0.36,0.26,0.34,0.33,0.37,0.34,0.36,0.34,143,2.4,0,0,1,0,0,1,3,1,12,0,3,0,1,0,2,0,1,2,6,5,4,5,4,4
1116,0.42,0.44,0.53,0.44,0.45,0.42,0.5,0.48,0.46,0.37,0.45,13,0,0.37,0.39,0.46,0.47,0.48,0.45,0.45,0.5,162,8.1,1,0,1,1,1,1,1,1,14,0,3,0,0,0,6,0,2,1,7,5,5,5,7,5
1117,0.58,0.46,0.59,0.44,0.4,0.43,0.39,0.45,0.44,0.46,0.44,11,1,0.45,0.37,0.48,0.33,0.32,0.41,0.47,0.51,24,18.7,1,1,1,1,0,1,0,1,10,2,3,1,2,0,7,0,2,0,8,6,6,5,6,4
1118,0.46,0.48,0.57,0.56,0.54,0.53,0.49,0.47,0.54,0.54,0.6,13,1,0.52,0.45,0.48,0.5,0.53,0.53,0.51,0.54,98,19.3,1,0,1,1,1,1,4,3,13,1,5,1,0,1,4,0,0,2,6,6,6,6,5,6
1119,0.28,0.29,0.39,0.38,0.19,0.35,0.27,0.31,0.23,0.27,0.38,11,1,0.31,0.29,0.34,0.36,0.21,0.26,0.34,0.3,50,4.1,1,1,1,1,0,1,5,1,12,3,1,1,0,0,7,0,6,4,6,3,5,3,6,5
1120,0.53,0.45,0.68,0.54,0.51,0.57,0.64,0.53,0.39,0.62,0.43,10,0,0.52,0.47,0.59,0.57,0.5,0.59,0.5,0.49,69,7.6,0,0,1,0,0,1,3,2,11,1,6,0,0,1,4,0,3,3,5,6,6,6,7,6
1121,0.64,0.65,0.64,0.58,0.65,0.56,0.74,0.63,0.61,0.56,0.63,8,0,0.58,0.58,0.66,0.54,0.6,0.65,0.5,0.62,360,9.2,0,0,1,1,1,1,8,1,8,0,5,0,2,2,7,0,1,1,7,5,6,7,6,6
1122,0.56,0.63,0.64,0.53,0.52,0.49,0.48,0.49,0.51,0.56,0.56,5,0,0.59,0.5,0.57,0.57,0.49,0.44,0.42,0.58,232,4.4,1,1,1,0,1,1,1,0,6,0,3,0,2,0,11,0,2,0,10,5,7,5,6,6
1123,0.67,0.61,0.67,0.68,0.65,0.66,0.59,0.61,0.73,0.53,0.59,13,0,0.6,0.67,0.72,0.68,0.67,0.65,0.7,0.6,249,48.3,1,1,1,0,1,1,3,2,13,0,5,0,1,1,10,0,4,0,8,5,7,5,7,8
1124,0.43,0.57,0.62,0.54,0.45,0.53,0.47,0.51,0.56,0.53,0.52,12,0,0.6,0.52,0.6,0.53,0.54,0.52,0.54,0.51,43,16.4,1,0,1,1,0,1,3,2,13,1,8,0,3,0,7,0,1,2,6,7,6,5,5,5
1125,0.46,0.52,0.62,0.44,0.41,0.5,0.52,0.52,0.43,0.47,0.48,14,1,0.45,0.45,0.51,0.46,0.49,0.46,0.48,0.49,106,5.8,1,0,1,1,0,1,7,1,13,0,2,1,0,2,7,0,4,1,6,6,5,7,6,5
1126,0.8,0.81,0.93,0.77,0.76,0.76,0.83,0.71,0.79,0.85,0.75,14,1,0.81,0.92,0.89,0.87,0.82,0.89,0.77,0.86,62,12.9,1,1,1,0,0,1,7,1,13,1,2,1,1,1,6,0,3,0,8,8,7,8,8,8
1127,0.32,0.24,0.33,0.35,0.32,0.4,0.26,0.3,0.37,0.3,0.31,11,1,0.31,0.32,0.32,0.31,0.32,0.4,0.32,0.38,68,20.0,0,0,1,1,0,1,3,2,12,1,7,1,0,0,9,0,3,1,5,5,3,4,4,6
1128,0.36,0.3,0.37,0.35,0.31,0.39,0.31,0.42,0.33,0.28,0.27,7,0,0.23,0.19,0.33,0.21,0.28,0.25,0.17,0.32,266,19.8,0,1,1,0,0,1,3,2,7,0,3,0,3,0,8,0,3,1,3,4,5,5,4,4
1129,0.37,0.35,0.48,0.34,0.38,0.43,0.38,0.37,0.44,0.33,0.41,11,1,0.29,0.41,0.33,0.35,0.27,0.42,0.35,0.47,182,22.9,0,1,1,1,0,1,7,2,10,1,2,1,1,0,13,0,1,2,6,5,5,4,4,5
1130,0.83,0.79,0.93,0.92,0.84,0.82,0.9,0.77,0.81,0.79,0.83,8,0,0.89,0.81,0.87,0.85,0.85,0.82,0.73,0.87,148,4.4,0,1,1,1,0,1,5,1,9,1,3,0,1,1,11,0,4,0,8,10,6,8,8,8
1131,0.43,0.34,0.54,0.43,0.38,0.52,0.45,0.39,0.46,0.54,0.49,7,0,0.35,0.46,0.48,0.41,0.49,0.47,0.48,0.5,205,11.5,1,1,1,1,0,1,8,1,7,0,2,0,3,0,6,0,1,2,7,4,6,5,6,5
1132,0.49,0.52,0.63,0.42,0.52,0.5,0.47,0.5,0.39,0.37,0.45,10,1,0.56,0.52,0.42,0.43,0.41,0.37,0.52,0.5,50,46.3,0,0,1,1,0,1,5,0,11,2,6,1,0,0,10,0,2,0,3,5,5,6,6,5
1133,0.69,0.62,0.74,0.61,0.7,0.61,0.71,0.62,0.58,0.63,0.67,14,0,0.6,0.71,0.68,0.69,0.57,0.61,0.64,0.71,347,4.9,1,1,1,1,1,0,7,2,13,0,4,0,3,0,11,0,2,2,7,5,7,7,6,7
1134,0.66,0.66,0.69,0.58,0.74,0.65,0.66,0.7,0.61,0.57,0.57,11,0,0.62,0.57,0.67,0.66,0.58,0.64,0.63,0.54,30,4.4,0,0,1,0,0,1,6,4,10,1,4,0,0,0,10,0,2,1,7,7,9,6,7,4
1135,0.38,0.44,0.42,0.44,0.39,0.42,0.38,0.4,0.41,0.22,0.37,11,1,0.38,0.42,0.41,0.45,0.5,0.54,0.46,0.47,101,6.3,1,0,1,1,0,1,6,0,11,0,5,1,0,0,6,0,4,2,11,6,4,6,5,6
1136,1.0,0.99,0.97,1.0,1.0,0.88,0.98,1.0,0.95,0.95,1.0,8,0,1.0,0.82,0.99,0.92,1.0,1.0,0.9,1.0,325,8.3,1,0,1,1,1,1,8,2,7,4,7,0,2,2,8,0,5,0,12,7,9,10,10,7
1137,0.38,0.41,0.4,0.36,0.37,0.37,0.34,0.32,0.3,0.42,0.36,12,0,0.45,0.25,0.32,0.32,0.36,0.43,0.27,0.42,9,8.3,0,0,1,1,0,0,2,1,12,1,4,0,2,0,6,0,1,1,4,5,4,3,6,5
1138,0.48,0.44,0.5,0.51,0.51,0.56,0.61,0.49,0.48,0.44,0.48,6,1,0.54,0.5,0.52,0.45,0.54,0.57,0.52,0.46,220,4.1,1,0,1,0,0,1,3,1,7,0,8,1,4,0,8,0,2,0,6,5,4,6,5,6
1139,0.19,0.06,0.27,0.18,0.12,0.15,0.1,0.19,0.2,0.05,0.28,8,1,0.15,0.13,0.1,0.09,0.16,0.11,0.04,0.19,155,6.9,0,0,1,1,0,1,3,1,9,0,6,1,3,1,13,0,1,2,8,2,4,4,2,4
1140,0.4,0.34,0.5,0.36,0.39,0.35,0.36,0.33,0.48,0.31,0.43,14,0,0.42,0.31,0.42,0.25,0.35,0.4,0.38,0.42,287,12.4,1,0,1,1,1,1,1,0,14,2,2,0,1,0,4,0,1,1,8,6,7,5,4,4
1141,0.61,0.55,0.72,0.53,0.49,0.61,0.64,0.45,0.54,0.57,0.62,16,1,0.62,0.48,0.63,0.58,0.56,0.68,0.54,0.58,50,21.1,1,0,1,1,0,1,4,3,16,1,4,1,2,0,9,0,2,1,5,3,8,7,6,6
1142,0.18,0.18,0.36,0.26,0.2,0.28,0.26,0.3,0.29,0.26,0.24,10,1,0.27,0.33,0.36,0.3,0.29,0.26,0.34,0.39,59,2.3,0,0,1,1,0,1,6,1,9,0,4,1,2,0,4,0,2,1,3,4,4,5,3,4
1143,0.24,0.4,0.37,0.39,0.3,0.28,0.37,0.29,0.31,0.22,0.24,11,1,0.34,0.31,0.31,0.33,0.34,0.31,0.32,0.26,136,10.9,1,0,1,0,0,1,7,2,11,0,4,1,2,0,7,0,2,0,4,3,6,2,5,6
1144,0.59,0.54,0.66,0.58,0.58,0.65,0.67,0.54,0.63,0.54,0.69,10,1,0.58,0.54,0.73,0.52,0.57,0.65,0.55,0.59,150,13.5,0,0,1,0,1,0,2,2,11,1,4,1,0,2,8,0,2,0,8,6,6,6,8,6
1145,0.46,0.27,0.5,0.51,0.44,0.37,0.29,0.34,0.42,0.42,0.31,16,0,0.35,0.33,0.45,0.39,0.3,0.47,0.41,0.35,5,22.5,0,0,1,1,0,1,3,1,15,0,5,0,1,1,11,0,1,1,4,5,4,4,5,5
1146,0.46,0.37,0.48,0.41,0.39,0.39,0.42,0.43,0.42,0.37,0.38,9,0,0.42,0.3,0.42,0.38,0.35,0.4,0.39,0.47,71,32.7,0,0,1,1,0,0,3,1,8,0,2,0,1,0,10,0,2,2,10,4,5,5,6,6
1147,0.26,0.22,0.37,0.35,0.29,0.24,0.27,0.29,0.14,0.2,0.25,8,0,0.29,0.15,0.27,0.32,0.32,0.29,0.24,0.32,266,12.4,1,0,1,1,0,0,7,1,7,0,2,0,2,0,4,0,2,2,8,4,4,5,4,4
1148,0.35,0.27,0.42,0.31,0.23,0.37,0.32,0.27,0.38,0.26,0.33,13,1,0.44,0.26,0.33,0.29,0.41,0.33,0.27,0.29,108,16.5,1,0,1,1,0,1,7,3,12,1,10,1,1,0,11,0,1,2,6,5,4,4,5,5
1149,0.21,0.05,0.32,0.13,0.05,0.22,0.14,0.17,0.22,0.1,0.16,8,1,0.1,0.12,0.21,0.23,0.09,0.24,0.16,0.13,250,4.1,0,1,1,0,0,1,5,0,8,0,6,1,2,0,9,0,3,1,5,3,6,2,5,3
1150,0.48,0.44,0.54,0.52,0.43,0.46,0.51,0.52,0.45,0.43,0.52,11,0,0.46,0.46,0.45,0.48,0.42,0.53,0.48,0.46,326,2.0,0,0,1,1,0,1,4,0,11,0,4,0,3,0,4,0,2,3,4,6,6,4,6,6
1151,0.62,0.67,0.79,0.79,0.72,0.66,0.66,0.66,0.63,0.7,0.72,9,1,0.64,0.64,0.73,0.63,0.63,0.75,0.7,0.72,86,10.7,1,1,1,1,1,1,0,2,10,3,6,1,1,1,10,0,2,2,7,6,8,8,8,7
1152,0.39,0.32,0.43,0.44,0.42,0.44,0.34,0.34,0.44,0.37,0.39,16,0,0.4,0.42,0.37,0.48,0.39,0.4,0.43,0.56,110,3.4,1,1,1,1,1,0,3,0,17,1,7,0,2,0,5,0,1,0,9,5,5,5,4,7
1153,0.57,0.57,0.58,0.62,0.62,0.58,0.57,0.54,0.63,0.48,0.61,11,0,0.56,0.54,0.52,0.6,0.67,0.64,0.66,0.66,105,5.8,1,0,1,0,1,1,7,2,11,2,4,0,1,1,11,0,1,0,5,5,6,6,7,7
1154,0.36,0.3,0.42,0.35,0.36,0.4,0.33,0.34,0.3,0.4,0.33,13,0,0.25,0.24,0.27,0.26,0.22,0.22,0.33,0.28,191,12.2,1,1,1,0,0,1,7,1,12,1,6,0,0,1,6,0,2,0,4,3,5,5,5,5
1155,0.36,0.39,0.44,0.47,0.34,0.36,0.32,0.37,0.52,0.4,0.36,12,0,0.37,0.33,0.41,0.38,0.34,0.36,0.34,0.36,74,9.0,1,0,1,1,0,1,3,1,11,1,4,0,0,0,8,0,1,0,5,6,5,4,5,4
1156,0.19,0.29,0.34,0.25,0.18,0.19,0.3,0.27,0.29,0.1,0.14,8,0,0.18,0.24,0.26,0.19,0.25,0.31,0.2,0.21,286,39.9,0,0,1,1,0,0,8,1,8,1,6,0,1,1,10,0,3,2,9,5,3,3,3,4
1157,0.56,0.51,0.59,0.44,0.55,0.55,0.63,0.5,0.59,0.43,0.56,7,1,0.53,0.61,0.64,0.53,0.56,0.51,0.51,0.58,240,14.5,0,0,1,0,0,1,4,2,7,0,1,1,3,0,8,0,1,1,9,9,5,5,3,6
1158,0.22,0.24,0.47,0.34,0.33,0.34,0.3,0.38,0.36,0.36,0.41,11,1,0.3,0.38,0.35,0.34,0.32,0.39,0.32,0.34,218,3.2,0,1,1,1,0,1,5,0,11,3,6,1,1,0,9,0,3,4,7,4,3,5,5,5
1159,0.27,0.28,0.38,0.23,0.14,0.28,0.22,0.26,0.24,0.22,0.24,5,1,0.19,0.26,0.22,0.39,0.31,0.26,0.2,0.15,61,1.0,0,0,1,1,0,0,5,1,6,3,3,1,3,1,8,0,5,3,7,4,3,3,5,5
1160,0.42,0.48,0.61,0.54,0.42,0.49,0.47,0.52,0.44,0.44,0.46,12,0,0.29,0.47,0.5,0.42,0.51,0.53,0.44,0.54,268,53.6,0,1,1,1,1,1,2,2,11,2,5,0,1,0,6,0,5,1,9,6,5,5,6,5
1161,0.01,0.02,0.23,0.11,0.07,0.15,0.08,0.17,0.19,0.0,0.1,7,1,0.0,0.03,0.14,0.02,0.03,0.05,0.14,0.16,252,8.5,1,1,1,1,0,0,3,2,8,2,8,1,0,0,12,0,2,0,4,4,3,3,3,2
1162,0.25,0.34,0.43,0.42,0.36,0.35,0.33,0.37,0.42,0.3,0.33,13,1,0.37,0.29,0.29,0.27,0.32,0.31,0.28,0.33,185,4.5,1,0,1,1,0,0,2,2,12,1,9,1,1,2,6,0,4,0,8,6,5,5,4,4
1163,0.32,0.27,0.31,0.3,0.32,0.4,0.36,0.33,0.31,0.2,0.32,5,1,0.17,0.27,0.29,0.38,0.24,0.25,0.33,0.44,209,60.0,0,0,1,0,0,1,3,1,6,1,8,1,0,2,6,0,4,1,7,5,4,4,6,4
1164,0.11,0.12,0.27,0.08,0.11,0.19,0.18,0.2,0.2,0.25,0.17,13,1,0.17,0.11,0.24,0.15,0.2,0.17,0.15,0.19,326,11.6,0,0,1,0,0,0,3,1,13,1,4,1,2,2,6,0,0,2,3,4,4,4,3,3
1165,0.66,0.72,0.83,0.64,0.78,0.68,0.67,0.69,0.69,0.7,0.64,11,0,0.69,0.7,0.72,0.63,0.69,0.66,0.67,0.8,89,7.0,1,0,1,0,0,1,4,0,10,0,3,0,1,0,8,0,1,1,11,7,7,8,8,7
1166,0.36,0.33,0.36,0.38,0.29,0.37,0.37,0.29,0.21,0.31,0.2,12,0,0.21,0.34,0.36,0.24,0.32,0.3,0.35,0.36,30,7.1,1,0,1,1,0,0,3,1,11,0,2,0,0,0,9,0,0,0,6,4,4,4,5,4
1167,0.42,0.55,0.57,0.42,0.45,0.45,0.48,0.47,0.44,0.39,0.44,11,0,0.44,0.42,0.48,0.46,0.5,0.46,0.47,0.43,141,29.9,1,0,1,1,0,0,2,1,12,0,3,0,0,2,3,0,1,0,5,5,6,7,5,4
1168,0.48,0.4,0.64,0.6,0.56,0.54,0.53,0.62,0.58,0.55,0.61,10,0,0.5,0.55,0.56,0.56,0.58,0.51,0.46,0.58,250,29.8,1,0,1,1,0,1,1,1,11,0,7,0,3,0,8,0,2,0,4,8,5,6,6,5
1169,0.55,0.56,0.53,0.47,0.51,0.48,0.41,0.44,0.51,0.45,0.49,5,1,0.51,0.48,0.52,0.53,0.41,0.47,0.48,0.48,279,13.7,0,1,1,1,0,1,2,1,6,0,3,1,1,0,7,0,2,1,6,5,5,7,5,5
1170,0.38,0.34,0.39,0.36,0.28,0.3,0.34,0.33,0.31,0.33,0.43,5,1,0.32,0.28,0.35,0.38,0.33,0.44,0.29,0.42,303,2.4,1,0,1,0,1,0,2,1,6,0,5,1,1,0,8,0,1,2,8,4,5,4,6,5
1171,0.23,0.25,0.45,0.35,0.19,0.23,0.32,0.29,0.23,0.18,0.34,12,1,0.24,0.22,0.29,0.41,0.39,0.32,0.38,0.26,25,55.6,0,0,1,0,0,1,3,2,12,2,5,1,2,1,9,0,3,1,6,5,5,3,3,5
1172,0.48,0.41,0.64,0.5,0.51,0.62,0.53,0.48,0.56,0.55,0.56,7,1,0.56,0.61,0.64,0.55,0.55,0.43,0.55,0.55,315,9.1,0,0,1,0,0,1,3,2,6,2,9,1,0,0,13,0,2,3,11,7,7,5,5,6
1173,0.25,0.19,0.35,0.26,0.16,0.25,0.09,0.26,0.24,0.21,0.34,13,0,0.15,0.21,0.25,0.18,0.23,0.24,0.32,0.24,146,44.7,0,1,1,0,0,1,5,2,12,0,1,0,1,0,6,0,1,2,4,3,4,5,3,4
1174,0.44,0.5,0.54,0.43,0.51,0.56,0.55,0.5,0.48,0.42,0.48,9,0,0.42,0.48,0.44,0.55,0.47,0.51,0.46,0.43,79,8.4,1,0,1,0,0,1,3,1,9,0,5,0,0,0,11,0,1,2,8,6,5,6,4,5
1175,0.44,0.36,0.53,0.42,0.5,0.45,0.45,0.4,0.4,0.41,0.36,9,0,0.34,0.45,0.31,0.46,0.29,0.44,0.43,0.43,41,10.0,1,0,1,1,0,1,4,1,10,0,2,0,1,1,4,0,0,1,8,5,5,6,5,4
1176,0.13,0.05,0.24,0.09,0.07,0.0,0.11,0.12,0.22,0.01,0.19,11,1,0.09,0.13,0.17,0.06,0.0,0.05,0.08,0.2,221,21.6,1,0,1,1,0,0,3,0,11,3,5,1,0,0,6,0,2,2,3,4,2,3,3,2
1177,0.47,0.37,0.46,0.41,0.42,0.5,0.39,0.31,0.43,0.4,0.5,10,1,0.39,0.37,0.42,0.42,0.41,0.38,0.33,0.4,160,14.3,1,1,1,1,0,1,2,0,11,0,6,1,1,1,4,0,1,3,9,6,5,5,6,4
1178,0.5,0.56,0.72,0.59,0.58,0.53,0.53,0.68,0.66,0.51,0.54,8,1,0.54,0.6,0.6,0.5,0.57,0.58,0.51,0.56,55,20.6,1,0,1,1,0,1,6,4,9,0,3,1,0,2,9,0,1,1,6,7,7,5,5,6
1179,0.26,0.24,0.38,0.33,0.23,0.27,0.41,0.31,0.21,0.24,0.26,10,1,0.36,0.26,0.32,0.31,0.34,0.3,0.21,0.26,250,10.2,1,1,1,0,0,1,1,0,10,1,3,1,0,0,3,0,2,1,7,3,4,5,3,6
1180,0.56,0.61,0.75,0.58,0.61,0.55,0.72,0.57,0.66,0.57,0.57,13,1,0.75,0.58,0.7,0.64,0.6,0.67,0.61,0.59,257,33.1,1,1,1,1,0,1,4,0,12,2,6,1,1,1,8,0,2,0,10,7,8,7,5,7
1181,0.44,0.39,0.45,0.46,0.46,0.48,0.37,0.41,0.48,0.33,0.51,11,1,0.49,0.46,0.51,0.49,0.47,0.4,0.5,0.44,214,14.5,0,0,1,1,0,1,2,0,11,0,3,1,0,1,9,0,3,1,8,5,6,6,4,6
1182,0.7,0.62,0.69,0.75,0.6,0.63,0.71,0.73,0.69,0.64,0.71,7,1,0.67,0.6,0.75,0.65,0.75,0.81,0.61,0.7,194,38.7,1,1,1,1,1,1,4,4,7,4,6,1,0,1,9,0,1,0,8,7,7,7,7,7
1183,0.0,0.14,0.2,0.22,0.09,0.14,0.15,0.13,0.1,0.16,0.18,7,0,0.15,0.11,0.16,0.12,0.1,0.2,0.11,0.15,137,8.6,0,0,1,1,0,1,2,0,7,1,2,0,1,0,5,0,4,3,6,2,5,2,4,2
1184,0.43,0.31,0.47,0.37,0.3,0.31,0.47,0.33,0.25,0.35,0.43,10,0,0.34,0.25,0.34,0.42,0.4,0.38,0.34,0.39,364,7.1,1,0,1,1,1,1,1,1,9,0,4,0,3,0,11,0,5,0,3,4,5,5,5,6
1185,0.37,0.38,0.48,0.5,0.39,0.47,0.45,0.32,0.31,0.42,0.45,13,0,0.43,0.47,0.4,0.39,0.46,0.44,0.42,0.37,166,2.2,1,0,1,1,0,0,7,1,12,2,7,0,2,0,7,0,2,3,10,5,4,6,5,5
1186,0.41,0.31,0.48,0.32,0.3,0.39,0.44,0.28,0.37,0.35,0.42,12,0,0.36,0.32,0.43,0.36,0.36,0.5,0.34,0.41,238,2.6,0,0,1,1,0,1,7,1,11,0,1,0,0,1,3,0,5,2,4,5,7,5,3,4
1187,0.52,0.49,0.61,0.64,0.57,0.56,0.56,0.57,0.58,0.47,0.48,10,1,0.6,0.44,0.54,0.52,0.51,0.58,0.5,0.66,57,18.9,1,0,1,1,0,1,6,0,11,1,6,1,0,1,8,0,1,1,6,6,4,6,7,5
1188,0.57,0.62,0.62,0.49,0.56,0.51,0.58,0.52,0.57,0.55,0.53,11,1,0.66,0.55,0.59,0.56,0.52,0.56,0.51,0.62,84,7.4,0,0,1,0,1,1,3,1,10,0,2,1,0,0,10,0,2,0,6,6,6,5,5,7
1189,0.61,0.59,0.74,0.68,0.67,0.72,0.64,0.64,0.69,0.61,0.71,7,1,0.64,0.66,0.79,0.64,0.66,0.73,0.67,0.71,238,35.5,1,0,1,1,1,1,2,0,8,0,4,1,0,1,10,0,1,0,7,6,7,8,5,8
1190,0.6,0.63,0.7,0.66,0.71,0.63,0.61,0.56,0.62,0.66,0.54,5,0,0.58,0.64,0.71,0.58,0.63,0.62,0.63,0.73,160,20.7,1,0,1,1,0,1,4,3,6,1,3,0,0,0,7,0,3,2,4,6,7,5,8,7
1191,0.53,0.51,0.66,0.55,0.47,0.48,0.52,0.47,0.53,0.49,0.55,9,0,0.54,0.59,0.46,0.42,0.62,0.49,0.49,0.62,357,30.7,1,0,1,1,1,0,5,0,8,0,7,0,2,0,9,0,3,2,5,6,7,6,6,4
1192,0.41,0.5,0.51,0.47,0.5,0.5,0.4,0.42,0.44,0.36,0.49,9,0,0.34,0.47,0.41,0.51,0.53,0.47,0.45,0.41,70,6.4,1,0,1,0,1,1,6,4,10,1,3,0,0,0,5,0,3,0,9,6,4,6,5,5
1193,0.57,0.5,0.61,0.63,0.47,0.57,0.52,0.52,0.63,0.58,0.58,7,1,0.59,0.59,0.66,0.53,0.53,0.62,0.57,0.63,127,8.0,1,0,1,1,0,1,3,0,6,0,4,1,1,0,7,0,2,0,6,5,5,9,6,6
1194,0.43,0.36,0.54,0.49,0.44,0.43,0.44,0.52,0.46,0.31,0.49,14,0,0.49,0.44,0.46,0.38,0.38,0.47,0.49,0.5,42,22.9,0,0,1,1,0,1,1,0,13,1,6,0,3,0,10,0,3,1,3,6,7,5,5,3
1195,0.58,0.6,0.73,0.63,0.68,0.6,0.63,0.62,0.54,0.69,0.58,10,1,0.71,0.57,0.69,0.56,0.7,0.68,0.65,0.76,292,7.2,1,0,1,1,1,1,8,2,9,1,3,1,0,0,15,0,2,1,6,7,6,6,7,7
1196,0.4,0.33,0.48,0.47,0.43,0.4,0.47,0.4,0.43,0.41,0.47,18,0,0.48,0.43,0.47,0.4,0.33,0.54,0.37,0.55,246,14.2,1,0,1,1,0,1,1,0,17,0,2,0,2,0,5,0,4,0,4,2,7,6,4,5
1197,0.62,0.51,0.55,0.57,0.58,0.51,0.61,0.52,0.55,0.47,0.62,7,0,0.55,0.44,0.49,0.61,0.58,0.49,0.6,0.56,177,3.8,1,1,1,0,0,1,8,4,6,1,3,0,0,0,9,2,0,0,4,7,6,6,5,6
1198,0.38,0.4,0.36,0.4,0.4,0.39,0.44,0.39,0.4,0.39,0.43,13,1,0.43,0.35,0.36,0.43,0.48,0.37,0.38,0.5,256,2.7,1,1,1,1,0,1,6,1,12,0,6,1,0,2,8,0,2,2,8,5,5,4,6,4
1199,0.71,0.69,0.8,0.73,0.76,0.77,0.78,0.73,0.67,0.7,0.75,6,1,0.75,0.7,0.81,0.62,0.77,0.71,0.68,0.77,196,8.3,0,1,1,1,0,1,4,1,6,1,4,1,2,0,10,0,1,2,8,7,6,9,6,6
1200,0.57,0.44,0.59,0.5,0.47,0.55,0.57,0.56,0.49,0.46,0.48,13,1,0.51,0.46,0.5,0.57,0.65,0.54,0.53,0.59,202,2.6,0,1,1,0,1,1,5,1,12,0,4,1,0,1,3,0,1,1,8,6,6,5,6,6
1201,0.27,0.31,0.34,0.32,0.27,0.32,0.32,0.28,0.37,0.19,0.27,8,1,0.3,0.25,0.33,0.38,0.23,0.35,0.32,0.29,167,9.3,0,0,1,0,0,1,8,3,9,0,9,1,0,0,3,0,3,3,5,5,4,4,5,4
1202,0.55,0.58,0.65,0.6,0.59,0.59,0.61,0.61,0.63,0.55,0.68,8,1,0.61,0.52,0.55,0.61,0.61,0.58,0.57,0.6,350,21.7,1,0,1,1,0,1,4,2,8,0,3,1,4,0,9,4,1,1,7,6,6,7,5,6
1203,0.27,0.32,0.44,0.24,0.21,0.3,0.27,0.29,0.26,0.32,0.33,15,0,0.34,0.27,0.39,0.28,0.24,0.23,0.36,0.38,114,3.3,0,0,1,1,0,1,2,0,16,1,9,0,3,0,2,0,1,3,4,4,6,3,5,4
1204,0.29,0.24,0.38,0.21,0.21,0.27,0.29,0.28,0.29,0.26,0.32,9,0,0.21,0.31,0.29,0.39,0.18,0.29,0.22,0.25,62,60.0,1,0,1,1,0,1,1,1,9,0,5,0,3,0,8,0,2,0,4,3,4,4,5,3
1205,0.64,0.62,0.69,0.72,0.75,0.69,0.64,0.65,0.68,0.63,0.66,15,1,0.67,0.63,0.71,0.7,0.63,0.62,0.69,0.68,37,12.5,1,1,1,1,1,1,7,1,14,3,13,1,0,0,4,0,8,2,5,5,7,6,7,7
1206,0.52,0.5,0.53,0.52,0.5,0.51,0.51,0.57,0.58,0.53,0.63,9,1,0.56,0.43,0.5,0.41,0.52,0.6,0.52,0.53,117,2.8,1,0,1,1,0,1,3,1,9,1,7,1,1,1,5,0,3,2,5,6,6,5,6,6
1207,0.34,0.33,0.46,0.37,0.32,0.4,0.44,0.34,0.36,0.37,0.4,12,0,0.39,0.34,0.31,0.44,0.34,0.32,0.35,0.43,155,10.6,1,0,1,1,0,1,3,3,11,1,2,0,0,0,7,0,3,0,6,4,4,4,5,6
1208,0.53,0.48,0.59,0.53,0.6,0.62,0.64,0.47,0.61,0.46,0.52,10,1,0.58,0.55,0.59,0.52,0.58,0.64,0.56,0.6,64,56.6,0,1,1,0,0,0,7,1,10,3,8,1,3,2,12,0,3,1,2,7,7,7,6,5
1209,0.57,0.46,0.52,0.47,0.46,0.52,0.57,0.46,0.52,0.49,0.49,13,0,0.47,0.43,0.49,0.5,0.46,0.47,0.52,0.52,215,11.1,1,1,1,1,1,1,3,2,12,0,4,0,3,0,10,0,2,0,11,5,8,5,6,5
1210,0.47,0.39,0.54,0.44,0.44,0.51,0.32,0.38,0.47,0.4,0.35,10,1,0.49,0.4,0.48,0.43,0.5,0.44,0.49,0.4,327,4.3,1,0,1,1,0,0,1,2,11,1,6,1,2,1,9,0,0,0,6,5,4,6,5,7
1211,0.51,0.54,0.64,0.6,0.44,0.65,0.48,0.62,0.56,0.57,0.5,10,0,0.68,0.55,0.57,0.59,0.63,0.46,0.57,0.53,119,3.8,1,0,1,1,0,0,0,1,9,0,3,0,3,1,8,0,1,3,4,7,6,5,7,7
1212,0.61,0.58,0.72,0.57,0.68,0.54,0.66,0.57,0.66,0.56,0.55,9,0,0.52,0.59,0.68,0.62,0.57,0.79,0.59,0.63,273,18.1,1,0,1,0,0,1,5,3,8,0,8,0,0,1,11,0,2,0,3,9,4,7,6,6
1213,0.35,0.33,0.39,0.35,0.32,0.45,0.3,0.34,0.34,0.32,0.39,11,0,0.45,0.34,0.41,0.46,0.47,0.42,0.45,0.33,156,3.1,0,1,1,1,0,1,3,2,11,0,5,0,0,1,3,0,0,2,6,3,3,6,5,6
1214,0.45,0.49,0.57,0.52,0.51,0.48,0.4,0.48,0.47,0.59,0.58,12,0,0.49,0.46,0.52,0.48,0.49,0.53,0.5,0.47,156,37.9,1,0,1,0,0,0,5,1,13,0,5,0,1,1,5,0,0,0,5,5,4,6,5,6
1215,0.72,0.61,0.7,0.55,0.56,0.64,0.69,0.58,0.59,0.53,0.59,15,1,0.66,0.62,0.64,0.57,0.55,0.6,0.58,0.64,82,8.3,0,1,1,1,0,1,3,1,15,2,6,1,2,0,9,0,3,0,7,5,6,7,6,7
1216,0.56,0.54,0.68,0.64,0.46,0.49,0.41,0.61,0.58,0.57,0.62,15,1,0.53,0.51,0.57,0.56,0.57,0.59,0.53,0.52,322,14.9,0,1,1,0,0,1,3,1,14,0,8,1,0,1,5,0,1,1,8,5,6,6,4,7
1217,0.69,0.67,0.66,0.57,0.61,0.59,0.66,0.55,0.69,0.6,0.64,11,1,0.59,0.57,0.64,0.63,0.66,0.74,0.64,0.62,81,8.3,1,0,1,1,0,1,3,0,12,1,6,1,2,1,5,0,1,0,5,6,5,5,7,7
1218,0.69,0.61,0.75,0.68,0.72,0.66,0.67,0.73,0.73,0.78,0.66,12,1,0.64,0.53,0.73,0.77,0.64,0.72,0.71,0.67,147,25.3,1,0,1,1,0,1,4,3,12,0,8,1,4,0,7,0,3,1,8,8,6,7,7,8
1219,0.36,0.51,0.6,0.5,0.47,0.4,0.45,0.47,0.48,0.51,0.53,9,0,0.48,0.44,0.52,0.5,0.43,0.49,0.36,0.58,202,14.8,1,1,1,1,0,0,3,3,9,0,6,0,1,0,11,0,1,0,4,5,6,7,5,3
1220,0.49,0.45,0.57,0.49,0.55,0.51,0.46,0.46,0.52,0.51,0.44,7,1,0.41,0.45,0.39,0.48,0.45,0.52,0.47,0.49,66,9.1,1,0,1,0,0,0,4,3,8,3,4,1,2,1,2,0,4,3,5,6,4,6,5,5
1221,0.0,0.08,0.24,0.2,0.14,0.08,0.09,0.11,0.06,0.1,0.1,10,0,0.16,0.12,0.22,0.1,0.23,0.09,0.08,0.14,347,1.0,0,1,1,1,0,1,2,0,10,1,1,0,2,0,7,0,0,2,5,3,3,4,2,3
1222,0.62,0.63,0.75,0.67,0.66,0.63,0.67,0.63,0.76,0.59,0.55,6,1,0.61,0.62,0.67,0.68,0.61,0.73,0.61,0.77,360,7.4,1,0,1,1,1,1,3,0,6,1,6,1,1,0,11,0,0,0,5,6,7,8,6,8
1223,0.44,0.41,0.6,0.43,0.44,0.56,0.48,0.44,0.43,0.35,0.34,8,1,0.5,0.42,0.49,0.52,0.4,0.46,0.47,0.44,178,17.7,1,0,1,1,0,1,5,1,8,1,4,1,3,1,5,0,1,0,4,6,5,5,5,5
1224,0.57,0.46,0.66,0.55,0.5,0.53,0.41,0.57,0.55,0.39,0.49,10,0,0.5,0.47,0.51,0.53,0.57,0.53,0.53,0.49,185,2.1,1,1,1,0,0,1,7,0,11,1,5,0,2,0,6,0,1,1,8,5,6,7,7,5
1225,0.44,0.5,0.61,0.56,0.51,0.55,0.51,0.6,0.65,0.52,0.54,13,0,0.53,0.51,0.59,0.58,0.52,0.59,0.53,0.57,60,16.5,0,0,1,1,0,1,5,3,13,1,6,0,0,0,5,0,0,0,4,7,5,6,6,5
1226,0.7,0.74,0.79,0.73,0.72,0.64,0.79,0.65,0.63,0.68,0.66,9,1,0.71,0.73,0.66,0.71,0.71,0.75,0.72,0.73,36,13.1,1,0,1,0,0,1,3,1,8,1,4,1,1,2,2,0,4,1,9,7,6,7,8,7
1227,0.53,0.62,0.55,0.62,0.5,0.65,0.56,0.52,0.57,0.47,0.61,13,1,0.59,0.65,0.51,0.49,0.53,0.59,0.56,0.55,343,12.5,1,1,1,1,0,1,5,1,13,0,1,1,4,0,10,0,2,0,8,6,6,6,6,5
1228,0.45,0.44,0.5,0.45,0.45,0.41,0.46,0.38,0.44,0.32,0.37,16,0,0.4,0.43,0.52,0.39,0.44,0.43,0.32,0.45,65,45.3,1,0,1,1,1,0,1,2,17,4,7,0,2,1,13,0,1,1,7,4,5,5,7,7
1229,0.32,0.3,0.37,0.27,0.24,0.49,0.3,0.27,0.15,0.27,0.24,8,0,0.35,0.26,0.25,0.37,0.35,0.29,0.35,0.33,299,2.0,0,0,1,1,0,1,6,1,8,0,5,0,0,0,5,0,6,0,7,4,5,4,5,4
1230,0.72,0.66,0.73,0.75,0.73,0.66,0.69,0.67,0.66,0.74,0.77,10,0,0.68,0.68,0.74,0.71,0.79,0.77,0.67,0.86,349,25.8,0,1,1,1,0,0,1,1,11,1,3,0,1,0,9,0,2,2,4,7,6,7,7,9
1231,0.8,0.83,0.8,0.64,0.77,0.73,0.72,0.71,0.65,0.75,0.77,16,1,0.73,0.7,0.79,0.74,0.73,0.65,0.71,0.72,319,5.3,1,1,1,1,0,1,2,2,15,0,5,1,3,1,11,0,1,0,5,7,8,8,7,8
1232,0.44,0.33,0.45,0.36,0.32,0.43,0.44,0.38,0.48,0.33,0.48,8,1,0.42,0.44,0.38,0.38,0.36,0.41,0.46,0.32,79,28.3,1,0,1,1,0,1,4,1,7,0,7,1,1,0,7,0,2,1,3,5,4,5,5,6
1233,0.78,0.74,0.85,0.73,0.72,0.68,0.69,0.73,0.82,0.69,0.75,8,0,0.8,0.76,0.73,0.71,0.73,0.75,0.66,0.77,128,18.4,1,1,1,1,1,1,3,0,9,3,3,0,2,0,13,0,2,2,7,7,9,6,8,7
1234,0.48,0.33,0.39,0.5,0.32,0.37,0.39,0.36,0.36,0.37,0.36,12,1,0.35,0.36,0.42,0.47,0.46,0.41,0.39,0.39,74,1.0,0,0,1,1,1,1,4,1,11,0,3,1,0,1,3,0,6,0,9,6,4,5,4,6
1235,0.34,0.48,0.48,0.39,0.49,0.46,0.36,0.45,0.41,0.41,0.49,16,0,0.44,0.45,0.43,0.49,0.47,0.41,0.43,0.42,151,16.8,0,0,1,0,1,0,3,0,17,0,4,0,0,0,5,0,0,0,7,4,6,5,7,5
1236,0.53,0.43,0.67,0.47,0.58,0.49,0.57,0.52,0.56,0.49,0.54,8,1,0.48,0.58,0.45,0.57,0.55,0.61,0.51,0.54,135,34.8,1,0,1,1,1,1,1,1,7,0,9,1,1,0,11,0,1,0,9,6,6,6,5,6
1237,0.57,0.6,0.56,0.65,0.69,0.65,0.74,0.66,0.58,0.6,0.62,8,0,0.69,0.68,0.65,0.74,0.56,0.64,0.58,0.66,239,9.4,1,1,1,1,1,1,0,1,9,1,2,0,0,0,5,0,1,1,6,7,7,6,8,6
1238,0.29,0.29,0.46,0.4,0.4,0.29,0.35,0.3,0.24,0.43,0.43,6,0,0.39,0.34,0.37,0.32,0.35,0.35,0.31,0.42,89,13.2,1,0,1,1,1,0,3,2,7,0,4,0,0,2,10,0,1,0,5,6,5,5,5,4
1239,0.31,0.32,0.39,0.39,0.36,0.3,0.35,0.36,0.34,0.27,0.43,10,0,0.41,0.31,0.39,0.41,0.51,0.4,0.3,0.44,259,6.1,1,1,1,1,0,1,3,2,9,0,7,0,2,0,5,0,1,0,5,5,4,4,6,5
1240,0.55,0.59,0.65,0.61,0.59,0.64,0.6,0.47,0.54,0.52,0.57,7,1,0.6,0.55,0.57,0.56,0.54,0.56,0.54,0.58,126,15.7,1,0,1,1,0,1,0,1,7,0,1,1,0,2,2,0,2,1,6,3,6,5,7,7
1241,0.39,0.41,0.5,0.43,0.33,0.42,0.43,0.3,0.41,0.27,0.38,6,1,0.41,0.33,0.41,0.34,0.31,0.41,0.39,0.4,181,1.9,1,0,1,1,0,0,2,0,7,1,5,1,0,1,11,0,5,0,8,4,6,4,4,7
1242,0.35,0.49,0.47,0.37,0.44,0.43,0.46,0.37,0.46,0.33,0.39,7,0,0.41,0.39,0.43,0.36,0.43,0.35,0.38,0.37,109,9.4,1,0,1,0,1,1,6,2,6,0,3,0,0,0,10,0,2,3,7,6,6,5,5,4
1243,0.48,0.4,0.53,0.37,0.3,0.39,0.39,0.36,0.45,0.41,0.42,8,1,0.44,0.37,0.59,0.39,0.46,0.34,0.43,0.48,335,17.9,0,0,1,1,0,1,1,0,9,0,5,1,3,0,4,0,1,1,9,6,3,7,5,4
1244,0.56,0.52,0.56,0.5,0.49,0.48,0.5,0.51,0.52,0.46,0.55,10,1,0.53,0.61,0.63,0.51,0.58,0.67,0.53,0.57,65,22.6,1,0,1,0,0,1,7,0,9,1,9,1,3,0,8,0,1,1,8,6,7,5,5,6
1245,0.75,0.74,0.84,0.81,0.7,0.68,0.74,0.75,0.76,0.61,0.74,10,0,0.76,0.68,0.79,0.83,0.76,0.77,0.7,0.72,87,2.9,1,0,1,0,0,1,4,1,11,1,3,0,4,0,7,0,2,0,6,7,7,7,7,7
1246,0.71,0.65,0.72,0.61,0.6,0.72,0.66,0.66,0.65,0.61,0.64,15,0,0.74,0.7,0.67,0.69,0.59,0.64,0.66,0.67,198,3.6,1,1,1,1,1,1,5,1,16,2,6,0,2,0,11,0,3,0,7,8,6,5,5,7
1247,0.3,0.28,0.5,0.36,0.32,0.42,0.31,0.32,0.36,0.25,0.3,11,0,0.29,0.21,0.38,0.35,0.42,0.41,0.31,0.31,252,11.5,1,0,1,1,1,1,3,2,10,2,5,0,0,0,9,0,1,0,9,5,4,5,3,4
1248,0.52,0.36,0.47,0.42,0.37,0.51,0.48,0.36,0.43,0.4,0.34,10,1,0.44,0.5,0.47,0.43,0.33,0.41,0.4,0.49,194,42.1,1,0,1,1,0,1,2,4,9,0,3,1,1,0,6,0,0,1,8,6,3,5,6,6
1249,0.77,0.64,0.83,0.74,0.67,0.68,0.77,0.75,0.65,0.7,0.64,7,0,0.67,0.73,0.66,0.63,0.69,0.75,0.73,0.75,351,6.8,1,1,1,1,0,1,7,1,7,0,3,0,0,0,5,0,3,1,7,7,7,8,6,6
1250,0.29,0.35,0.49,0.39,0.34,0.35,0.37,0.36,0.32,0.29,0.43,8,0,0.36,0.28,0.38,0.44,0.38,0.47,0.43,0.36,33,12.5,1,1,1,1,0,1,3,4,8,3,1,0,2,0,11,0,1,0,5,6,4,3,7,6
1251,0.67,0.67,0.78,0.71,0.76,0.7,0.69,0.71,0.89,0.65,0.73,10,1,0.79,0.67,0.8,0.75,0.77,0.77,0.67,0.77,56,13.5,0,1,1,1,1,1,3,1,10,0,5,1,0,0,8,0,3,1,7,7,8,7,6,7
1252,0.5,0.52,0.52,0.51,0.41,0.51,0.45,0.51,0.42,0.4,0.46,10,0,0.49,0.5,0.4,0.5,0.45,0.52,0.41,0.43,71,3.2,0,0,1,0,0,1,3,2,10,0,5,0,2,0,10,0,0,1,7,6,5,4,6,4
1253,0.55,0.5,0.59,0.52,0.57,0.57,0.53,0.45,0.58,0.57,0.5,14,1,0.46,0.55,0.57,0.56,0.65,0.54,0.52,0.55,330,14.6,1,0,1,1,0,1,3,2,14,3,7,1,0,0,9,0,2,0,4,8,3,7,7,5
1254,0.31,0.37,0.48,0.36,0.28,0.27,0.31,0.32,0.27,0.3,0.36,9,0,0.31,0.38,0.31,0.34,0.35,0.45,0.4,0.34,130,51.0,0,0,1,1,0,0,4,0,9,0,4,0,0,1,7,0,3,1,8,5,3,6,5,5
1255,0.52,0.56,0.54,0.52,0.48,0.45,0.61,0.51,0.5,0.49,0.58,9,1,0.53,0.55,0.44,0.51,0.46,0.55,0.53,0.49,277,9.8,1,0,1,0,0,1,2,1,9,0,8,1,2,0,5,0,3,1,4,7,6,5,6,6
1256,0.51,0.51,0.48,0.49,0.45,0.51,0.48,0.58,0.48,0.41,0.52,9,1,0.46,0.48,0.61,0.5,0.45,0.56,0.53,0.61,33,27.0,0,0,1,0,0,0,1,3,10,1,6,1,2,0,14,0,2,1,4,6,6,5,5,6
1257,0.58,0.66,0.74,0.52,0.49,0.6,0.49,0.58,0.61,0.51,0.6,9,0,0.59,0.56,0.53,0.54,0.6,0.55,0.58,0.56,293,11.8,0,0,1,1,0,1,2,1,10,0,3,0,4,0,9,0,2,0,7,6,6,5,6,6
1258,0.44,0.54,0.54,0.52,0.44,0.42,0.48,0.53,0.43,0.48,0.49,7,0,0.53,0.35,0.56,0.41,0.39,0.47,0.5,0.57,310,18.4,0,0,1,0,0,1,7,2,8,1,8,0,1,0,7,0,3,1,7,6,6,7,7,4
1259,0.47,0.44,0.47,0.46,0.39,0.4,0.56,0.36,0.43,0.45,0.51,11,1,0.42,0.38,0.44,0.39,0.39,0.47,0.46,0.59,48,26.4,1,0,1,0,0,0,0,2,11,0,7,1,0,1,7,0,1,1,5,7,4,6,5,4
1260,0.42,0.36,0.42,0.29,0.43,0.44,0.38,0.42,0.43,0.31,0.43,12,0,0.34,0.23,0.38,0.29,0.34,0.35,0.38,0.35,334,8.3,1,0,1,0,0,1,2,0,13,1,6,0,0,0,5,0,2,1,7,3,5,5,5,6
1261,0.37,0.32,0.49,0.46,0.4,0.39,0.4,0.45,0.33,0.32,0.43,15,0,0.42,0.36,0.38,0.38,0.3,0.39,0.34,0.35,10,4.0,0,0,1,0,0,1,2,2,14,2,4,0,3,1,4,0,0,3,8,5,6,3,4,5
1262,0.29,0.24,0.38,0.25,0.29,0.33,0.19,0.2,0.27,0.16,0.31,11,0,0.1,0.23,0.33,0.27,0.14,0.3,0.2,0.28,292,31.7,0,1,1,1,0,1,2,1,10,3,7,0,0,0,4,0,4,1,5,4,3,3,4,5
1263,0.38,0.34,0.48,0.33,0.3,0.43,0.37,0.37,0.36,0.39,0.34,9,0,0.36,0.36,0.52,0.39,0.37,0.36,0.35,0.41,12,28.0,1,0,1,1,1,1,8,1,10,0,5,0,0,1,8,0,2,2,9,4,4,6,6,5
1264,0.57,0.45,0.58,0.54,0.56,0.53,0.46,0.54,0.49,0.47,0.43,11,1,0.43,0.47,0.54,0.45,0.55,0.47,0.56,0.52,18,9.5,0,0,1,1,0,1,2,2,12,2,6,1,1,1,10,0,2,0,5,5,6,7,5,7
1265,0.46,0.43,0.5,0.42,0.44,0.51,0.55,0.53,0.5,0.47,0.5,10,0,0.48,0.57,0.59,0.48,0.44,0.48,0.53,0.46,350,5.2,1,0,1,0,0,1,3,2,10,0,3,0,1,0,10,0,1,1,4,8,6,5,4,6
1266,0.6,0.5,0.63,0.52,0.59,0.5,0.49,0.61,0.52,0.53,0.55,13,0,0.57,0.53,0.59,0.53,0.59,0.59,0.54,0.47,274,9.2,1,1,1,1,0,1,8,3,14,0,3,0,1,0,8,0,4,1,7,5,6,6,6,5
1267,0.41,0.44,0.52,0.47,0.41,0.45,0.41,0.47,0.43,0.43,0.48,10,0,0.52,0.39,0.54,0.5,0.56,0.37,0.5,0.5,316,6.2,1,1,1,1,0,1,7,0,9,0,5,0,0,1,8,0,1,1,8,7,3,5,5,6
1268,0.25,0.26,0.43,0.38,0.25,0.26,0.37,0.35,0.33,0.29,0.32,7,0,0.31,0.31,0.34,0.31,0.32,0.25,0.32,0.36,289,6.0,0,0,1,1,0,1,2,1,6,0,8,0,0,0,3,0,3,0,4,5,5,4,3,4
1269,0.44,0.52,0.63,0.52,0.56,0.46,0.49,0.5,0.59,0.5,0.58,13,0,0.52,0.58,0.61,0.49,0.48,0.53,0.53,0.49,247,26.9,1,1,1,1,0,1,3,3,14,0,4,0,0,1,8,0,1,1,4,6,6,6,6,6
1270,0.63,0.72,0.82,0.68,0.72,0.66,0.69,0.67,0.68,0.58,0.66,12,0,0.74,0.75,0.71,0.7,0.75,0.77,0.61,0.63,140,7.8,0,0,1,0,1,1,4,1,12,4,6,0,3,1,10,0,3,3,7,6,7,8,7,8
1271,0.55,0.54,0.72,0.52,0.62,0.63,0.62,0.57,0.65,0.58,0.64,14,1,0.62,0.61,0.49,0.69,0.63,0.61,0.57,0.54,295,17.4,1,1,1,1,0,1,2,1,14,0,5,1,1,1,16,0,2,0,6,7,7,7,6,5
1272,0.15,0.2,0.25,0.17,0.23,0.23,0.19,0.33,0.22,0.31,0.27,17,1,0.24,0.24,0.21,0.1,0.07,0.27,0.18,0.28,18,34.6,1,0,1,1,0,1,8,2,18,1,2,1,2,1,8,0,2,1,6,4,4,2,4,6
1273,0.31,0.28,0.39,0.33,0.22,0.3,0.34,0.3,0.28,0.24,0.22,11,0,0.15,0.23,0.31,0.25,0.32,0.24,0.19,0.31,176,5.9,1,0,1,1,0,0,4,1,11,1,7,0,2,0,11,0,0,1,7,4,5,5,4,2
1274,0.27,0.37,0.5,0.42,0.31,0.41,0.44,0.37,0.35,0.35,0.4,16,1,0.38,0.48,0.46,0.39,0.44,0.39,0.44,0.42,273,11.1,1,0,1,0,0,1,1,2,17,0,2,1,4,0,14,0,1,1,7,5,5,5,5,5
1275,0.46,0.53,0.63,0.52,0.51,0.48,0.57,0.54,0.58,0.53,0.51,11,0,0.56,0.47,0.5,0.59,0.55,0.58,0.49,0.51,192,31.6,1,1,1,1,1,1,7,2,11,0,3,0,1,1,3,0,3,1,6,5,6,4,7,6
1276,0.46,0.38,0.47,0.38,0.37,0.41,0.51,0.41,0.37,0.32,0.35,12,0,0.47,0.39,0.41,0.42,0.4,0.42,0.35,0.3,38,14.2,1,1,1,1,0,0,2,1,13,1,8,0,1,1,8,0,2,1,6,3,5,6,5,4
1277,0.56,0.59,0.6,0.68,0.67,0.63,0.71,0.63,0.65,0.48,0.72,11,0,0.61,0.58,0.58,0.62,0.65,0.49,0.57,0.59,91,7.0,1,0,1,1,1,1,2,1,12,0,5,0,1,0,11,0,2,3,9,7,8,7,6,6
1278,0.32,0.29,0.49,0.31,0.39,0.35,0.24,0.34,0.36,0.35,0.37,9,0,0.39,0.4,0.38,0.31,0.44,0.43,0.25,0.38,288,22.5,1,0,1,1,0,1,3,2,10,0,3,0,1,0,6,0,0,1,7,5,5,4,6,4
1279,0.53,0.48,0.62,0.57,0.53,0.5,0.55,0.56,0.55,0.45,0.56,13,1,0.57,0.52,0.63,0.43,0.52,0.53,0.43,0.48,147,23.7,1,0,1,1,0,1,2,0,14,2,1,1,0,2,4,0,4,0,4,5,5,5,5,8
1280,0.43,0.38,0.52,0.34,0.43,0.41,0.37,0.41,0.4,0.4,0.41,13,0,0.46,0.42,0.5,0.37,0.49,0.44,0.41,0.51,226,7.9,1,0,1,0,0,1,7,1,14,1,6,0,3,0,8,0,4,0,2,3,5,5,7,6
1281,0.4,0.34,0.49,0.41,0.38,0.35,0.46,0.4,0.4,0.38,0.44,8,0,0.51,0.38,0.47,0.4,0.38,0.39,0.34,0.38,41,37.8,0,1,1,0,0,0,8,3,7,1,6,0,1,0,4,0,2,0,6,5,4,5,6,4
1282,0.23,0.23,0.39,0.35,0.29,0.38,0.27,0.34,0.27,0.22,0.28,9,0,0.18,0.27,0.32,0.22,0.28,0.3,0.26,0.38,211,22.7,1,1,1,1,0,1,1,1,8,0,1,0,2,1,10,0,2,0,5,4,3,5,4,3
1283,0.49,0.6,0.63,0.52,0.49,0.56,0.55,0.6,0.44,0.52,0.5,8,0,0.54,0.47,0.5,0.49,0.56,0.65,0.57,0.52,26,1.3,0,1,1,1,0,1,6,0,7,0,4,0,1,1,11,0,1,1,8,5,5,6,7,5
1284,0.4,0.47,0.53,0.44,0.43,0.47,0.5,0.5,0.48,0.37,0.49,6,1,0.46,0.56,0.47,0.44,0.45,0.58,0.47,0.54,312,24.7,1,0,1,1,0,0,3,0,7,0,9,1,1,2,10,0,0,0,5,4,6,4,7,5
1285,0.34,0.48,0.41,0.4,0.28,0.33,0.35,0.34,0.41,0.34,0.4,12,1,0.42,0.4,0.4,0.34,0.39,0.25,0.37,0.42,129,4.0,1,0,1,0,1,1,5,4,12,0,9,1,1,2,7,0,2,0,5,6,3,6,5,5
1286,0.51,0.44,0.59,0.5,0.61,0.5,0.54,0.49,0.56,0.5,0.64,5,1,0.53,0.58,0.58,0.55,0.54,0.52,0.37,0.54,221,4.2,1,1,1,1,0,1,5,3,6,1,3,1,2,0,11,0,5,2,6,7,6,5,6,5
1287,0.65,0.68,0.75,0.66,0.63,0.63,0.59,0.69,0.68,0.71,0.67,12,0,0.73,0.72,0.64,0.7,0.61,0.69,0.73,0.58,313,25.1,1,0,1,1,0,0,3,3,13,2,4,0,0,1,11,0,2,1,8,6,7,6,8,6
1288,0.22,0.21,0.38,0.13,0.26,0.15,0.17,0.12,0.18,0.16,0.22,12,1,0.19,0.15,0.21,0.28,0.25,0.22,0.24,0.2,76,4.4,0,1,1,0,1,0,3,2,13,1,3,1,2,0,2,0,0,3,7,5,2,4,4,3
1289,0.37,0.53,0.54,0.42,0.42,0.42,0.32,0.42,0.49,0.34,0.42,9,0,0.51,0.44,0.49,0.47,0.52,0.44,0.42,0.42,133,3.2,0,0,1,1,0,1,2,2,9,0,6,0,1,1,11,0,0,1,11,4,5,6,5,6
1290,0.45,0.41,0.5,0.41,0.35,0.48,0.51,0.49,0.42,0.4,0.46,13,1,0.57,0.54,0.55,0.46,0.43,0.5,0.47,0.55,55,4.0,0,0,1,0,0,1,0,1,13,0,5,1,4,2,15,0,2,0,5,5,6,8,5,6
1291,0.48,0.34,0.52,0.36,0.55,0.54,0.59,0.37,0.49,0.36,0.43,6,0,0.47,0.4,0.55,0.38,0.56,0.48,0.39,0.49,233,3.7,0,0,1,1,0,1,3,1,6,0,4,0,0,1,4,0,1,0,5,4,4,5,6,6
1292,0.66,0.6,0.68,0.57,0.59,0.65,0.69,0.62,0.52,0.54,0.59,5,1,0.59,0.51,0.62,0.58,0.71,0.56,0.63,0.65,300,13.0,1,0,1,1,0,1,8,2,6,0,3,1,0,0,9,0,4,1,7,5,7,7,7,6
1293,0.45,0.34,0.35,0.39,0.24,0.35,0.26,0.26,0.37,0.32,0.35,15,1,0.33,0.3,0.28,0.36,0.36,0.32,0.36,0.32,196,8.3,0,1,1,0,0,1,0,0,14,0,10,1,0,0,1,0,4,0,6,4,4,5,5,6
1294,0.45,0.43,0.55,0.43,0.41,0.5,0.44,0.45,0.38,0.45,0.49,7,1,0.37,0.46,0.44,0.44,0.44,0.49,0.37,0.4,18,1.0,0,0,1,0,1,0,1,3,6,1,2,1,1,1,11,0,2,0,9,5,6,4,6,5
1295,0.54,0.67,0.75,0.49,0.56,0.63,0.7,0.61,0.56,0.53,0.57,15,0,0.67,0.58,0.62,0.72,0.62,0.62,0.72,0.64,105,25.7,1,1,1,1,0,0,4,1,14,1,2,0,0,1,9,0,1,1,5,6,8,7,7,5
1296,0.27,0.17,0.3,0.23,0.19,0.21,0.18,0.18,0.15,0.15,0.27,6,0,0.2,0.19,0.24,0.12,0.25,0.23,0.25,0.26,10,19.9,1,0,1,0,0,1,3,0,7,1,8,0,1,0,6,0,1,0,8,3,3,6,4,3
1297,0.44,0.37,0.45,0.51,0.36,0.39,0.47,0.41,0.44,0.37,0.47,14,1,0.48,0.4,0.43,0.35,0.4,0.47,0.4,0.45,86,17.9,1,0,1,0,0,1,5,2,14,1,2,1,3,0,8,0,1,1,4,5,4,4,6,7
1298,0.39,0.5,0.5,0.33,0.36,0.54,0.46,0.5,0.48,0.55,0.5,10,0,0.47,0.48,0.48,0.46,0.44,0.56,0.43,0.44,242,14.7,0,0,1,0,0,1,3,2,9,0,9,0,2,0,5,0,1,0,7,4,5,5,6,6
1299,0.37,0.37,0.56,0.45,0.45,0.39,0.36,0.41,0.46,0.35,0.48,8,0,0.43,0.39,0.52,0.45,0.39,0.38,0.51,0.55,280,17.3,1,1,1,1,0,0,7,0,7,0,6,0,3,1,2,0,2,4,9,6,3,7,5,5
1300,0.51,0.54,0.67,0.49,0.57,0.55,0.47,0.54,0.55,0.54,0.64,6,0,0.54,0.51,0.54,0.61,0.54,0.67,0.5,0.58,318,33.2,1,1,1,1,0,1,4,0,6,4,4,0,2,0,3,0,4,0,3,6,4,4,8,6
1301,0.47,0.34,0.49,0.45,0.35,0.43,0.27,0.44,0.4,0.39,0.53,9,1,0.39,0.44,0.49,0.41,0.36,0.41,0.44,0.38,301,1.5,1,0,1,1,1,1,2,0,8,0,3,1,4,0,6,0,0,0,8,4,5,4,5,7
1302,0.56,0.52,0.6,0.63,0.58,0.57,0.61,0.57,0.57,0.55,0.64,11,0,0.67,0.61,0.58,0.54,0.56,0.57,0.55,0.6,297,22.9,1,0,1,1,0,0,3,0,10,1,3,0,3,0,8,0,5,1,3,6,7,7,5,7
1303,0.29,0.29,0.37,0.33,0.29,0.37,0.32,0.3,0.46,0.41,0.24,12,1,0.34,0.32,0.34,0.37,0.24,0.35,0.34,0.36,40,40.0,0,0,1,1,0,0,1,1,13,0,3,1,3,1,5,0,1,2,6,5,4,6,5,3
1304,0.25,0.25,0.35,0.28,0.23,0.3,0.24,0.28,0.27,0.25,0.24,7,0,0.22,0.27,0.37,0.22,0.29,0.3,0.2,0.26,43,1.0,1,0,1,1,0,0,2,0,8,0,3,0,2,0,7,0,0,2,3,4,3,4,5,5
1305,0.48,0.53,0.57,0.52,0.48,0.48,0.47,0.54,0.57,0.49,0.55,11,0,0.62,0.48,0.56,0.46,0.55,0.55,0.49,0.51,215,4.7,1,0,1,1,0,1,2,3,12,0,1,0,3,0,8,0,5,1,4,4,7,6,7,5
1306,0.58,0.54,0.62,0.45,0.52,0.58,0.52,0.49,0.52,0.58,0.55,15,1,0.55,0.53,0.62,0.5,0.64,0.52,0.51,0.54,96,37.5,1,1,1,1,0,1,1,2,14,0,5,1,2,2,7,0,4,1,6,7,8,5,4,6
1307,0.36,0.48,0.52,0.35,0.27,0.3,0.36,0.38,0.4,0.28,0.37,9,1,0.45,0.34,0.44,0.34,0.34,0.32,0.36,0.38,306,18.9,0,0,1,1,0,0,2,0,9,0,1,1,3,0,7,0,1,0,6,5,5,5,5,4
1308,0.41,0.47,0.55,0.46,0.5,0.51,0.46,0.4,0.48,0.58,0.47,15,0,0.54,0.45,0.47,0.44,0.47,0.42,0.39,0.52,180,29.8,1,0,1,0,0,1,3,1,14,0,1,0,2,1,9,0,5,0,6,7,6,6,5,7
1309,0.38,0.41,0.33,0.26,0.28,0.38,0.35,0.39,0.34,0.26,0.38,7,1,0.35,0.37,0.38,0.36,0.3,0.36,0.29,0.4,317,17.1,0,0,1,1,0,0,2,2,8,0,5,1,0,0,9,0,1,0,5,4,6,4,4,6
1310,0.62,0.58,0.75,0.62,0.59,0.62,0.74,0.57,0.61,0.57,0.66,6,1,0.65,0.66,0.61,0.67,0.73,0.59,0.61,0.7,9,7.7,1,0,1,1,0,1,2,1,6,4,4,1,3,1,14,0,2,0,4,6,8,6,6,6
1311,0.52,0.44,0.58,0.43,0.47,0.5,0.5,0.48,0.46,0.39,0.52,13,0,0.48,0.45,0.58,0.5,0.49,0.45,0.53,0.48,123,14.2,0,0,1,1,0,1,3,1,14,0,4,0,0,1,6,0,0,0,1,5,6,6,5,6
1312,0.42,0.45,0.46,0.44,0.32,0.43,0.41,0.3,0.42,0.29,0.34,7,1,0.45,0.49,0.34,0.41,0.46,0.35,0.42,0.38,148,10.0,1,0,1,1,0,1,5,1,6,2,2,1,0,1,16,0,2,0,4,4,7,3,5,5
1313,0.4,0.39,0.38,0.37,0.45,0.44,0.42,0.38,0.34,0.37,0.44,8,1,0.44,0.26,0.45,0.41,0.31,0.33,0.44,0.39,272,9.6,1,0,1,1,0,1,4,4,8,3,5,1,3,1,7,0,3,2,4,4,4,6,6,5
1314,0.33,0.3,0.4,0.36,0.26,0.25,0.28,0.38,0.4,0.35,0.25,6,1,0.33,0.31,0.43,0.37,0.25,0.31,0.32,0.39,281,1.0,1,0,1,1,0,0,3,0,7,0,4,1,0,0,7,0,3,3,3,4,3,4,5,3
1315,0.73,0.68,0.87,0.79,0.8,0.71,0.76,0.75,0.71,0.81,0.78,11,0,0.67,0.7,0.85,0.74,0.79,0.73,0.71,0.81,158,6.1,1,1,1,1,0,1,3,0,10,0,3,0,1,0,6,0,4,2,7,9,7,7,8,7
1316,0.65,0.65,0.72,0.64,0.58,0.66,0.6,0.63,0.65,0.56,0.66,12,1,0.61,0.6,0.62,0.66,0.56,0.68,0.59,0.64,224,6.6,0,1,1,0,0,1,8,2,11,3,6,1,0,0,8,0,0,1,6,6,7,7,7,5
1317,0.34,0.36,0.37,0.36,0.32,0.45,0.38,0.3,0.37,0.44,0.42,15,0,0.37,0.42,0.34,0.31,0.4,0.48,0.49,0.36,41,3.6,0,0,1,0,0,1,4,1,14,1,4,0,3,0,6,0,2,2,6,4,4,5,6,5
1318,0.45,0.36,0.57,0.52,0.44,0.43,0.4,0.35,0.5,0.43,0.48,7,0,0.51,0.4,0.52,0.48,0.4,0.32,0.41,0.45,90,19.6,0,0,1,0,0,0,3,2,7,0,5,0,1,0,5,0,0,0,5,6,6,5,5,4
1319,0.32,0.31,0.49,0.4,0.34,0.33,0.36,0.29,0.43,0.35,0.33,7,1,0.2,0.34,0.44,0.43,0.29,0.41,0.33,0.4,277,4.1,0,0,1,0,0,1,5,1,6,1,2,1,0,0,7,0,2,1,9,4,4,4,5,6
1320,0.59,0.48,0.66,0.59,0.52,0.56,0.62,0.5,0.6,0.43,0.56,8,0,0.52,0.46,0.63,0.54,0.53,0.49,0.63,0.61,223,4.2,0,1,1,1,0,1,1,2,7,0,2,0,1,0,7,0,2,1,5,3,6,7,7,6
1321,0.47,0.46,0.57,0.45,0.45,0.41,0.48,0.47,0.61,0.4,0.32,8,1,0.49,0.46,0.5,0.4,0.38,0.39,0.38,0.45,53,2.7,1,0,1,1,0,0,7,1,7,0,2,1,1,1,8,0,4,1,6,6,5,6,3,6
1322,0.64,0.54,0.69,0.7,0.65,0.64,0.57,0.66,0.61,0.65,0.62,6,0,0.56,0.53,0.64,0.66,0.62,0.62,0.53,0.74,325,9.4,1,1,1,1,0,1,3,1,7,3,2,0,4,1,9,0,0,1,4,7,5,5,7,7
1323,0.55,0.51,0.65,0.54,0.54,0.52,0.62,0.5,0.58,0.5,0.58,8,1,0.53,0.51,0.55,0.55,0.48,0.56,0.53,0.55,117,42.6,0,0,1,1,0,0,7,1,8,1,1,1,0,1,8,0,2,1,9,5,6,5,7,4
1324,0.6,0.76,0.68,0.63,0.64,0.67,0.71,0.66,0.7,0.68,0.71,11,1,0.68,0.72,0.73,0.64,0.74,0.66,0.67,0.73,184,3.1,1,0,1,0,0,0,4,1,11,0,2,1,0,1,8,0,1,1,5,5,8,8,6,7
1325,0.33,0.32,0.57,0.4,0.45,0.46,0.38,0.4,0.45,0.29,0.51,7,0,0.51,0.47,0.38,0.51,0.43,0.38,0.39,0.47,140,1.0,1,0,1,1,0,1,3,0,8,1,4,0,0,1,11,0,1,2,6,5,2,5,5,6
1326,0.36,0.41,0.51,0.44,0.26,0.43,0.44,0.44,0.34,0.39,0.46,11,0,0.32,0.35,0.49,0.41,0.5,0.49,0.37,0.46,282,19.8,1,0,1,1,0,1,5,0,12,0,2,0,0,1,8,0,1,2,4,5,5,5,5,6
1327,0.67,0.7,0.61,0.54,0.63,0.61,0.58,0.58,0.5,0.57,0.66,6,0,0.63,0.58,0.59,0.6,0.58,0.66,0.49,0.65,96,7.2,1,0,1,1,0,1,3,2,7,4,6,0,0,0,15,0,2,0,11,6,7,5,5,7
1328,0.21,0.25,0.29,0.25,0.26,0.29,0.13,0.19,0.12,0.14,0.2,9,1,0.18,0.19,0.2,0.18,0.1,0.19,0.2,0.25,130,16.7,1,0,1,1,0,1,1,2,9,0,4,1,2,2,5,0,2,0,2,4,5,3,4,3
1329,0.6,0.64,0.63,0.73,0.61,0.64,0.61,0.59,0.68,0.64,0.7,13,1,0.63,0.56,0.72,0.67,0.63,0.65,0.59,0.61,5,3.8,1,0,1,1,0,1,3,0,12,1,7,1,3,0,8,0,5,2,10,6,6,6,6,7
1330,0.43,0.5,0.54,0.5,0.47,0.51,0.43,0.43,0.52,0.5,0.47,10,1,0.37,0.51,0.47,0.51,0.38,0.44,0.49,0.49,312,1.9,0,0,1,1,0,1,7,0,11,1,4,1,0,1,8,0,0,1,4,3,5,6,7,5
1331,0.52,0.53,0.51,0.59,0.48,0.51,0.66,0.53,0.55,0.51,0.48,7,1,0.61,0.51,0.59,0.55,0.62,0.57,0.47,0.56,21,10.0,1,1,1,1,0,1,3,0,6,3,4,1,0,0,7,0,2,1,8,5,5,7,5,6
1332,0.62,0.53,0.73,0.66,0.69,0.6,0.69,0.61,0.57,0.56,0.68,9,1,0.52,0.6,0.63,0.65,0.59,0.71,0.55,0.67,203,35.1,1,0,1,1,0,1,5,3,10,0,4,1,3,0,6,0,3,3,5,8,7,6,6,5
1333,0.48,0.57,0.59,0.65,0.5,0.51,0.54,0.46,0.52,0.54,0.52,11,0,0.57,0.52,0.58,0.6,0.58,0.58,0.58,0.61,68,50.5,0,1,1,1,0,0,1,3,11,0,5,0,3,0,7,0,3,2,6,8,5,7,7,5
1334,0.57,0.58,0.65,0.64,0.57,0.52,0.52,0.5,0.51,0.44,0.5,14,1,0.5,0.42,0.57,0.51,0.49,0.53,0.54,0.5,311,14.7,0,0,1,1,0,1,1,1,13,0,6,1,0,0,14,0,2,1,3,6,5,5,7,5
1335,0.43,0.34,0.43,0.41,0.3,0.27,0.36,0.42,0.38,0.28,0.26,5,0,0.35,0.35,0.36,0.39,0.32,0.34,0.43,0.29,5,6.0,1,0,1,1,0,1,3,1,6,0,7,0,0,0,3,0,1,0,4,5,2,4,5,6
1336,0.38,0.43,0.46,0.33,0.29,0.33,0.27,0.35,0.33,0.28,0.32,11,0,0.24,0.35,0.29,0.27,0.37,0.28,0.37,0.39,214,26.7,1,1,1,1,0,0,3,1,11,3,4,0,1,0,9,0,1,4,5,4,6,3,5,5
1337,0.42,0.47,0.59,0.52,0.47,0.42,0.49,0.38,0.38,0.36,0.44,10,0,0.35,0.42,0.41,0.51,0.49,0.49,0.46,0.48,231,4.3,1,1,1,1,0,0,0,1,11,0,6,0,0,2,4,0,6,0,7,5,6,5,5,5
1338,0.22,0.12,0.25,0.11,0.08,0.08,0.08,0.19,0.14,0.14,0.08,8,1,0.12,0.05,0.28,0.11,0.12,0.18,0.2,0.12,212,5.0,1,1,1,1,0,0,3,0,8,2,5,1,0,0,8,0,4,3,3,5,3,4,2,3
1339,0.89,0.79,0.91,0.77,0.88,0.8,0.86,0.7,0.82,0.71,0.8,5,1,0.87,0.76,0.89,0.83,0.83,0.94,0.86,0.96,318,5.9,1,1,1,1,0,1,5,2,6,0,8,1,4,2,13,0,2,0,8,8,8,10,6,8
1340,0.47,0.48,0.54,0.44,0.29,0.52,0.48,0.54,0.41,0.32,0.48,12,0,0.44,0.43,0.45,0.4,0.41,0.44,0.47,0.46,91,2.8,0,0,1,1,0,1,2,2,11,2,4,0,3,0,3,0,0,0,6,4,6,5,4,6
1341,0.6,0.57,0.61,0.52,0.5,0.53,0.51,0.57,0.54,0.56,0.57,11,1,0.57,0.47,0.56,0.53,0.59,0.59,0.58,0.54,100,7.2,1,0,1,0,0,1,4,1,11,2,5,1,3,0,6,0,5,2,7,9,5,7,7,5
1342,0.59,0.54,0.63,0.54,0.57,0.6,0.56,0.53,0.54,0.5,0.61,5,1,0.53,0.55,0.57,0.51,0.63,0.56,0.49,0.58,255,4.0,0,0,1,0,0,1,3,0,6,0,2,1,2,0,6,0,1,0,5,6,6,6,7,7
1343,0.51,0.43,0.6,0.37,0.49,0.53,0.48,0.48,0.46,0.51,0.56,13,1,0.56,0.45,0.58,0.46,0.5,0.5,0.49,0.59,227,21.3,1,0,1,1,0,1,1,1,13,0,3,1,4,1,10,0,1,2,3,5,6,6,6,6
1344,0.48,0.56,0.57,0.57,0.55,0.61,0.55,0.54,0.56,0.46,0.59,10,0,0.46,0.63,0.53,0.46,0.54,0.59,0.51,0.6,62,15.7,0,1,1,0,0,1,2,2,9,0,7,0,0,0,5,0,1,0,7,7,5,6,6,5
1345,0.37,0.24,0.45,0.36,0.27,0.31,0.25,0.26,0.23,0.27,0.26,14,0,0.4,0.35,0.36,0.23,0.33,0.35,0.27,0.46,331,39.7,0,0,1,1,0,1,3,1,14,0,5,0,0,1,7,0,3,1,8,4,4,5,5,5
1346,0.66,0.57,0.73,0.7,0.61,0.62,0.64,0.62,0.63,0.55,0.54,11,1,0.65,0.5,0.68,0.55,0.65,0.59,0.6,0.7,25,6.6,0,0,1,0,1,0,1,1,12,3,5,1,0,1,10,4,3,1,1,7,5,6,7,6
1347,0.48,0.53,0.53,0.54,0.48,0.45,0.4,0.44,0.49,0.43,0.49,10,0,0.39,0.4,0.43,0.45,0.43,0.5,0.42,0.5,258,60.0,0,0,1,1,0,1,0,0,9,1,8,0,3,0,11,0,2,1,8,6,5,7,4,5
1348,0.53,0.56,0.53,0.48,0.59,0.6,0.59,0.57,0.63,0.52,0.47,10,0,0.6,0.53,0.51,0.53,0.49,0.5,0.56,0.55,261,2.4,1,0,1,0,0,1,6,1,10,0,8,0,0,0,11,0,1,0,8,6,7,6,5,5
1349,0.31,0.35,0.45,0.35,0.32,0.39,0.31,0.37,0.44,0.29,0.39,13,0,0.4,0.39,0.47,0.35,0.37,0.4,0.41,0.41,65,14.3,1,0,1,1,0,0,2,1,12,3,5,0,0,1,11,0,2,1,3,5,6,5,4,5
1350,0.34,0.35,0.52,0.38,0.35,0.39,0.39,0.36,0.39,0.31,0.34,9,1,0.31,0.38,0.34,0.38,0.37,0.39,0.34,0.46,181,49.1,0,0,1,1,0,1,8,3,8,4,6,1,1,0,3,0,2,0,4,5,5,4,5,3
1351,0.62,0.51,0.64,0.58,0.51,0.49,0.49,0.57,0.6,0.51,0.55,7,1,0.56,0.51,0.57,0.55,0.49,0.53,0.57,0.59,67,17.5,1,0,1,1,1,1,2,0,6,0,4,1,3,0,7,0,0,0,7,6,7,5,5,8
1352,0.44,0.37,0.52,0.39,0.39,0.44,0.37,0.47,0.5,0.44,0.44,6,1,0.4,0.41,0.38,0.4,0.49,0.4,0.41,0.44,145,8.0,0,1,1,0,0,1,3,2,6,0,5,1,2,0,8,0,3,1,13,5,6,4,5,6
1353,0.84,1.0,0.96,0.79,0.97,0.89,0.88,0.81,1.0,0.94,0.87,17,0,0.87,1.0,0.88,0.9,1.0,0.94,0.85,0.95,333,35.0,0,1,1,1,1,1,6,4,16,3,5,0,4,0,11,0,1,0,8,9,7,7,9,10
1354,0.35,0.44,0.51,0.5,0.5,0.51,0.48,0.39,0.44,0.41,0.42,10,1,0.4,0.57,0.48,0.44,0.44,0.43,0.46,0.49,143,28.6,0,0,1,1,0,1,2,3,11,0,4,1,1,1,5,0,0,1,6,4,6,5,6,5
1355,0.54,0.52,0.46,0.56,0.42,0.51,0.5,0.44,0.48,0.31,0.46,12,1,0.5,0.36,0.43,0.41,0.49,0.38,0.49,0.55,228,4.7,1,0,1,0,0,1,3,0,11,1,5,1,0,0,9,0,4,1,6,5,6,6,6,6
1356,0.55,0.44,0.49,0.34,0.47,0.43,0.53,0.4,0.39,0.42,0.38,8,0,0.36,0.37,0.46,0.39,0.5,0.4,0.47,0.45,193,17.0,1,0,1,1,0,1,8,1,7,0,4,0,3,1,9,0,1,1,3,7,5,7,6,4
1357,0.36,0.22,0.45,0.3,0.37,0.34,0.45,0.35,0.37,0.35,0.41,5,1,0.33,0.35,0.33,0.33,0.24,0.4,0.22,0.36,275,17.3,0,1,1,0,0,1,3,0,6,0,9,1,4,0,5,0,1,1,9,5,6,4,4,4
1358,0.64,0.53,0.61,0.66,0.54,0.62,0.64,0.61,0.59,0.58,0.66,9,0,0.63,0.56,0.57,0.65,0.64,0.7,0.64,0.58,12,2.2,0,0,1,1,1,1,2,0,8,0,5,0,2,0,9,0,1,0,9,6,7,5,7,8
1359,0.24,0.12,0.36,0.2,0.34,0.28,0.28,0.21,0.27,0.16,0.19,10,0,0.15,0.18,0.25,0.23,0.27,0.22,0.29,0.18,352,1.2,0,0,1,0,0,0,3,1,10,3,11,0,0,0,5,0,2,0,9,3,5,2,2,4
1360,0.45,0.3,0.53,0.39,0.35,0.42,0.39,0.37,0.29,0.32,0.53,9,1,0.36,0.36,0.39,0.37,0.4,0.43,0.4,0.33,317,5.4,1,0,1,0,0,0,5,2,8,0,2,1,0,0,4,0,1,0,4,4,5,6,5,4
1361,0.62,0.53,0.6,0.59,0.56,0.59,0.51,0.57,0.58,0.5,0.49,13,0,0.6,0.53,0.59,0.5,0.56,0.51,0.58,0.61,265,9.6,1,1,1,1,0,1,6,4,12,1,7,0,1,0,8,0,0,1,7,6,7,5,8,5
1362,0.89,0.88,0.92,0.96,0.82,0.78,0.9,0.79,0.79,0.91,0.92,7,0,0.92,0.9,0.9,0.9,0.79,0.84,0.9,0.89,135,19.9,1,0,1,1,0,1,3,0,7,2,6,0,2,1,7,0,0,2,11,10,7,9,8,8
1363,0.5,0.47,0.47,0.5,0.44,0.46,0.38,0.52,0.38,0.47,0.45,10,0,0.48,0.37,0.46,0.41,0.41,0.45,0.54,0.57,171,4.9,0,0,1,1,0,1,7,1,11,0,5,0,0,0,6,0,4,0,8,6,6,5,6,3
1364,0.42,0.36,0.5,0.29,0.32,0.37,0.43,0.34,0.45,0.29,0.44,7,1,0.33,0.33,0.38,0.36,0.39,0.4,0.36,0.5,46,1.0,0,0,1,1,0,0,4,0,7,1,8,1,0,0,4,0,4,1,4,3,5,3,5,6
1365,0.35,0.37,0.42,0.29,0.36,0.37,0.37,0.41,0.38,0.36,0.34,6,1,0.4,0.3,0.39,0.34,0.3,0.29,0.36,0.29,260,22.1,1,1,1,0,0,1,3,1,7,1,8,1,4,0,10,0,3,1,7,5,4,5,6,4
1366,0.67,0.69,0.75,0.74,0.78,0.76,0.8,0.69,0.61,0.74,0.68,17,0,0.68,0.75,0.84,0.69,0.7,0.71,0.64,0.68,85,6.3,0,0,1,0,0,1,7,1,17,0,4,0,3,0,11,0,1,1,5,7,7,9,6,6
1367,0.58,0.51,0.59,0.58,0.59,0.48,0.57,0.57,0.58,0.49,0.52,6,0,0.56,0.53,0.61,0.55,0.53,0.52,0.57,0.5,294,2.9,1,1,1,0,0,1,3,1,7,0,6,0,0,0,13,0,1,2,8,6,6,7,5,7
1368,0.43,0.45,0.59,0.42,0.44,0.59,0.51,0.41,0.5,0.42,0.45,11,0,0.38,0.48,0.38,0.47,0.5,0.44,0.37,0.47,23,17.9,1,1,1,0,0,1,2,2,11,1,6,0,0,0,7,0,2,3,6,4,7,6,6,4
1369,0.13,0.29,0.39,0.2,0.19,0.27,0.21,0.22,0.19,0.12,0.19,13,0,0.21,0.21,0.33,0.24,0.17,0.23,0.22,0.19,315,2.7,0,0,1,1,0,1,2,0,13,2,6,0,1,0,3,0,1,0,1,3,3,3,4,5
1370,0.39,0.38,0.61,0.39,0.46,0.39,0.5,0.37,0.42,0.45,0.41,14,1,0.39,0.38,0.48,0.41,0.48,0.41,0.45,0.49,310,60.0,1,0,1,0,0,1,2,2,13,1,4,1,1,0,8,0,7,1,9,6,4,5,5,5
1371,0.56,0.65,0.56,0.62,0.67,0.5,0.66,0.53,0.63,0.59,0.55,16,0,0.57,0.62,0.61,0.54,0.64,0.61,0.65,0.63,37,5.5,1,0,1,1,1,1,7,1,16,0,3,0,2,0,6,0,4,0,5,6,5,6,7,6
1372,0.42,0.43,0.46,0.45,0.35,0.41,0.48,0.49,0.48,0.41,0.41,10,1,0.37,0.41,0.52,0.36,0.48,0.5,0.52,0.42,179,10.7,0,1,1,1,1,1,5,1,10,1,6,1,1,0,10,0,2,1,12,4,5,7,6,5
1373,0.19,0.15,0.28,0.21,0.19,0.16,0.24,0.14,0.18,0.15,0.15,10,0,0.15,0.13,0.13,0.26,0.16,0.19,0.14,0.22,260,44.3,1,0,1,0,0,0,4,0,9,1,8,0,0,0,3,0,0,2,4,4,1,4,4,4
1374,0.62,0.65,0.62,0.61,0.72,0.55,0.71,0.61,0.63,0.6,0.66,9,1,0.53,0.56,0.62,0.6,0.58,0.57,0.64,0.64,176,59.4,0,0,1,1,0,1,4,0,8,1,2,1,2,0,8,0,3,0,3,5,6,6,8,6
1375,0.64,0.54,0.75,0.55,0.58,0.7,0.57,0.59,0.56,0.59,0.61,9,1,0.59,0.62,0.69,0.62,0.68,0.64,0.53,0.7,154,3.7,1,1,1,1,1,1,3,0,9,1,6,1,4,1,6,0,2,1,3,6,6,7,7,7
1376,0.25,0.23,0.28,0.29,0.21,0.25,0.21,0.28,0.24,0.28,0.21,9,1,0.21,0.26,0.26,0.19,0.19,0.24,0.24,0.3,355,30.8,1,0,1,1,0,1,3,1,8,0,4,1,0,1,9,0,2,1,7,5,5,5,2,4
1377,0.32,0.38,0.5,0.44,0.32,0.39,0.41,0.42,0.47,0.28,0.38,12,0,0.43,0.47,0.45,0.38,0.38,0.37,0.4,0.31,129,7.3,1,1,1,0,1,1,1,1,12,3,7,0,4,0,5,3,5,2,5,7,3,4,5,5
1378,0.85,0.77,0.84,0.83,0.8,0.83,0.81,0.84,0.79,0.83,0.86,13,0,0.94,0.79,0.86,0.91,0.82,0.84,0.74,0.83,31,19.1,1,1,1,0,1,1,2,1,14,1,6,0,3,0,10,0,1,1,5,9,7,8,9,7
1379,0.43,0.44,0.52,0.49,0.48,0.44,0.47,0.46,0.43,0.43,0.36,14,1,0.46,0.4,0.44,0.49,0.39,0.52,0.44,0.52,139,13.2,1,1,1,0,0,1,3,2,13,2,2,1,3,0,8,0,3,1,5,6,6,6,6,4
1380,0.49,0.64,0.74,0.62,0.63,0.64,0.55,0.57,0.66,0.49,0.52,11,0,0.55,0.6,0.64,0.66,0.58,0.57,0.62,0.56,135,11.9,1,0,1,1,0,0,3,1,11,0,9,0,4,0,3,0,3,3,6,6,6,7,7,7
1381,0.32,0.34,0.4,0.32,0.43,0.29,0.45,0.36,0.43,0.32,0.38,12,1,0.42,0.38,0.39,0.37,0.45,0.34,0.36,0.41,288,1.0,0,0,1,1,0,1,3,1,13,0,9,1,2,0,4,0,1,2,4,5,4,4,5,5
1382,0.25,0.16,0.39,0.3,0.31,0.31,0.27,0.24,0.25,0.21,0.34,10,1,0.27,0.27,0.25,0.29,0.23,0.25,0.26,0.33,323,10.1,0,0,1,1,0,1,8,0,11,0,2,1,3,0,9,0,1,1,4,4,4,4,5,4
1383,0.58,0.62,0.6,0.58,0.57,0.59,0.49,0.62,0.59,0.62,0.54,9,0,0.58,0.59,0.66,0.45,0.61,0.57,0.55,0.74,74,3.6,0,1,1,1,1,1,2,1,8,3,8,0,2,1,6,0,1,1,13,5,6,7,7,7
1384,0.39,0.29,0.49,0.49,0.48,0.43,0.39,0.35,0.44,0.38,0.49,10,0,0.52,0.35,0.51,0.45,0.44,0.45,0.53,0.41,51,1.0,1,0,1,1,0,1,1,0,9,0,6,0,4,1,5,0,2,0,8,4,7,6,4,5
1385,0.57,0.51,0.64,0.57,0.6,0.59,0.66,0.64,0.62,0.63,0.64,7,1,0.61,0.62,0.7,0.52,0.66,0.69,0.59,0.67,22,17.7,0,1,1,1,0,1,7,1,8,3,6,1,1,1,11,4,0,2,6,7,6,7,7,6
1386,0.53,0.46,0.57,0.46,0.4,0.44,0.45,0.45,0.35,0.44,0.55,11,1,0.37,0.44,0.48,0.54,0.54,0.46,0.47,0.47,333,4.3,1,0,1,1,0,0,3,2,11,0,6,1,0,0,7,0,2,0,3,3,5,6,6,5
1387,0.92,0.95,1.0,0.95,0.93,0.96,0.95,0.86,0.96,1.0,0.87,10,0,0.94,0.95,0.92,0.83,0.92,0.98,0.87,0.89,259,14.6,1,1,1,1,0,1,3,1,11,3,8,0,3,1,6,0,1,0,10,9,10,7,8,8
1388,0.61,0.44,0.59,0.54,0.57,0.56,0.58,0.59,0.64,0.55,0.6,10,1,0.71,0.44,0.61,0.5,0.59,0.5,0.48,0.67,93,26.8,0,0,1,1,0,1,7,0,11,3,5,1,0,1,6,0,2,1,4,7,6,6,6,6
1389,0.46,0.52,0.55,0.39,0.5,0.5,0.39,0.45,0.39,0.44,0.44,9,1,0.53,0.48,0.39,0.6,0.53,0.48,0.46,0.5,253,23.0,1,1,1,1,1,1,2,1,10,0,4,1,4,1,8,0,3,1,14,6,4,7,6,5
1390,0.48,0.48,0.55,0.51,0.52,0.41,0.51,0.49,0.49,0.38,0.39,11,0,0.45,0.49,0.56,0.51,0.39,0.51,0.37,0.44,97,14.3,1,0,1,0,0,1,3,0,11,4,1,0,0,1,6,0,1,1,8,3,6,7,6,4
1391,0.05,0.11,0.22,0.1,0.12,0.2,0.07,0.16,0.06,0.03,0.08,14,0,0.13,0.1,0.0,0.08,0.06,0.09,0.0,0.0,130,1.0,0,0,1,1,0,1,6,4,13,0,10,0,1,0,8,0,2,0,5,3,2,3,1,4
1392,0.31,0.3,0.43,0.33,0.32,0.32,0.39,0.3,0.34,0.29,0.31,7,1,0.32,0.33,0.3,0.29,0.36,0.41,0.34,0.33,299,5.7,0,0,1,1,0,1,5,2,7,0,7,1,0,0,7,0,1,1,7,3,3,3,7,5
1393,0.3,0.3,0.44,0.27,0.27,0.32,0.29,0.34,0.36,0.22,0.34,11,0,0.21,0.36,0.32,0.24,0.31,0.33,0.35,0.34,155,40.8,1,0,1,0,0,0,3,1,10,0,3,0,3,0,8,0,4,1,4,3,5,5,4,4
1394,0.67,0.52,0.67,0.53,0.56,0.5,0.69,0.5,0.56,0.45,0.63,15,0,0.58,0.5,0.59,0.52,0.6,0.6,0.59,0.52,122,5.4,0,0,1,0,1,1,1,0,14,0,2,0,1,1,9,0,3,0,5,5,6,6,6,7
1395,0.27,0.35,0.49,0.48,0.42,0.5,0.45,0.36,0.48,0.36,0.37,8,0,0.39,0.41,0.48,0.42,0.49,0.35,0.36,0.45,364,18.4,0,0,1,0,0,0,2,2,9,2,7,0,1,0,5,0,1,0,5,6,4,5,5,6
1396,0.41,0.48,0.53,0.43,0.42,0.45,0.47,0.42,0.49,0.49,0.52,9,0,0.52,0.46,0.48,0.43,0.44,0.39,0.53,0.5,301,11.4,1,1,1,1,0,1,2,1,10,2,7,0,1,0,7,0,1,1,5,7,6,3,6,5
1397,0.63,0.48,0.62,0.5,0.62,0.53,0.57,0.55,0.44,0.49,0.55,7,0,0.51,0.45,0.51,0.59,0.5,0.54,0.57,0.6,12,24.5,1,1,1,1,0,1,8,0,8,0,4,0,2,1,3,0,2,3,4,6,5,6,6,6
1398,0.33,0.32,0.41,0.37,0.36,0.41,0.35,0.37,0.35,0.39,0.31,11,0,0.39,0.33,0.42,0.31,0.38,0.41,0.37,0.36,327,24.0,0,1,1,1,0,1,3,1,10,1,2,0,4,0,8,0,3,0,8,5,5,4,3,5
1399,0.36,0.33,0.55,0.41,0.32,0.47,0.42,0.29,0.39,0.35,0.29,7,1,0.39,0.31,0.46,0.39,0.4,0.34,0.3,0.44,303,35.8,0,0,1,1,0,1,3,1,8,0,5,1,3,0,9,0,0,0,5,6,4,6,4,4
1400,0.64,0.65,0.67,0.59,0.6,0.65,0.69,0.62,0.74,0.54,0.73,11,0,0.63,0.7,0.66,0.61,0.64,0.63,0.68,0.67,291,9.7,1,0,1,1,1,1,7,1,10,1,2,0,4,0,6,0,1,2,5,7,7,6,7,8
1401,0.66,0.58,0.71,0.6,0.57,0.63,0.58,0.65,0.68,0.64,0.66,7,1,0.61,0.65,0.68,0.6,0.66,0.62,0.58,0.65,28,6.2,1,0,1,0,0,0,7,0,6,1,4,1,4,0,6,0,4,1,2,8,6,6,6,6
1402,0.47,0.5,0.49,0.43,0.28,0.41,0.46,0.42,0.38,0.37,0.38,12,1,0.51,0.36,0.4,0.34,0.31,0.42,0.36,0.4,269,14.3,1,0,1,1,0,0,7,1,11,0,3,1,0,0,6,0,3,1,7,5,2,5,5,8
1403,0.41,0.44,0.55,0.42,0.44,0.44,0.42,0.4,0.44,0.35,0.42,10,1,0.43,0.38,0.44,0.47,0.47,0.46,0.46,0.46,344,9.9,1,1,1,1,0,1,3,1,10,0,5,1,1,1,9,0,3,0,11,5,6,7,4,4
1404,0.55,0.52,0.6,0.5,0.53,0.58,0.51,0.59,0.51,0.5,0.59,11,0,0.5,0.5,0.55,0.55,0.55,0.58,0.49,0.53,158,4.5,1,1,1,1,0,1,1,1,11,1,1,0,0,0,11,0,4,1,4,5,6,6,6,5
1405,0.47,0.37,0.47,0.5,0.52,0.48,0.48,0.44,0.42,0.44,0.37,9,1,0.45,0.44,0.51,0.55,0.48,0.49,0.48,0.53,278,27.0,1,0,1,1,0,1,7,1,9,3,4,1,3,0,5,0,0,1,3,6,8,6,4,4
1406,0.58,0.57,0.65,0.53,0.58,0.62,0.72,0.6,0.62,0.62,0.54,5,1,0.47,0.61,0.68,0.65,0.58,0.52,0.56,0.64,252,24.1,1,0,1,1,0,1,1,2,6,2,2,1,0,0,14,0,1,1,6,6,8,5,5,8
1407,0.58,0.56,0.62,0.56,0.57,0.61,0.65,0.55,0.55,0.46,0.51,7,0,0.58,0.48,0.58,0.59,0.59,0.5,0.6,0.63,247,1.0,1,1,1,0,0,0,2,1,6,0,7,0,0,1,3,0,5,3,7,6,4,6,6,6
1408,0.45,0.49,0.55,0.45,0.47,0.53,0.49,0.43,0.51,0.39,0.58,7,0,0.49,0.56,0.57,0.47,0.52,0.5,0.54,0.5,147,6.5,1,0,1,1,0,1,3,1,7,1,9,0,1,1,9,0,0,0,7,5,5,6,6,6
1409,0.7,0.54,0.75,0.7,0.6,0.63,0.75,0.71,0.75,0.59,0.65,13,1,0.68,0.67,0.57,0.67,0.7,0.71,0.71,0.68,317,7.3,0,1,1,0,1,1,7,4,14,1,2,1,1,0,10,0,0,2,6,6,8,7,7,7
1410,0.36,0.35,0.51,0.54,0.4,0.41,0.4,0.44,0.43,0.27,0.44,14,1,0.42,0.41,0.35,0.41,0.44,0.45,0.5,0.48,213,22.8,1,0,1,0,1,1,4,1,13,0,4,1,0,0,6,0,3,1,5,5,4,6,5,6
1411,0.48,0.38,0.54,0.4,0.49,0.46,0.42,0.49,0.49,0.41,0.38,10,0,0.51,0.37,0.57,0.44,0.38,0.58,0.44,0.49,231,17.3,1,0,1,1,0,1,3,3,9,0,7,0,0,2,7,0,0,0,5,6,7,4,5,6
1412,0.37,0.44,0.48,0.33,0.4,0.45,0.41,0.38,0.37,0.36,0.41,7,1,0.32,0.37,0.45,0.43,0.38,0.4,0.38,0.42,137,26.8,1,1,1,0,0,0,4,2,6,3,4,1,4,0,8,0,1,3,7,6,5,4,3,6
1413,0.86,0.92,0.95,0.96,0.95,1.0,0.97,0.9,0.95,0.9,0.96,8,0,0.88,0.86,1.0,1.0,0.92,0.97,1.0,0.91,99,11.9,1,0,1,1,0,0,3,1,9,3,2,0,0,1,10,0,3,3,8,8,8,8,9,8
1414,0.45,0.46,0.6,0.43,0.54,0.5,0.49,0.51,0.55,0.51,0.5,18,1,0.51,0.5,0.52,0.46,0.54,0.44,0.58,0.56,231,43.1,1,0,1,1,1,1,3,1,17,0,4,1,1,0,6,0,2,2,4,6,5,6,6,6
1415,0.43,0.27,0.44,0.39,0.48,0.4,0.46,0.34,0.3,0.37,0.33,14,0,0.37,0.39,0.54,0.35,0.4,0.37,0.45,0.36,261,33.9,1,1,1,1,0,0,3,3,14,0,2,0,0,0,5,0,4,1,7,4,4,6,7,4
1416,0.35,0.36,0.56,0.37,0.45,0.36,0.45,0.42,0.48,0.47,0.45,8,0,0.51,0.36,0.51,0.4,0.38,0.43,0.38,0.45,14,2.3,0,1,1,1,0,1,2,3,8,3,9,0,1,0,3,0,1,0,4,4,3,6,4,6
1417,0.61,0.6,0.7,0.66,0.57,0.56,0.62,0.63,0.68,0.53,0.58,10,1,0.65,0.62,0.6,0.53,0.72,0.57,0.58,0.61,239,29.7,0,0,1,0,0,1,2,0,10,1,5,1,2,1,7,0,2,1,5,6,7,7,6,5
1418,0.44,0.35,0.44,0.47,0.35,0.45,0.32,0.37,0.35,0.41,0.39,7,0,0.43,0.44,0.41,0.41,0.37,0.48,0.48,0.48,89,9.4,1,0,1,0,0,1,7,3,8,0,10,0,2,1,6,0,2,2,10,6,5,6,4,6
1419,0.55,0.48,0.69,0.61,0.56,0.59,0.53,0.53,0.52,0.42,0.54,11,0,0.48,0.55,0.58,0.61,0.6,0.55,0.5,0.61,94,37.6,1,0,1,1,0,0,8,0,12,0,3,0,2,0,12,0,1,0,4,7,7,6,6,5
1420,0.85,0.83,0.92,0.88,0.84,0.83,0.93,0.9,0.86,0.91,0.85,10,1,0.91,0.81,0.91,0.94,0.88,0.89,0.89,0.92,262,23.7,1,1,1,0,0,1,1,0,9,1,3,1,2,1,6,0,4,2,7,8,9,9,7,7
1421,0.49,0.46,0.49,0.41,0.46,0.52,0.51,0.48,0.49,0.3,0.34,11,0,0.5,0.45,0.52,0.47,0.59,0.5,0.47,0.57,330,2.9,1,0,1,1,1,1,3,2,10,0,5,0,1,0,10,0,1,0,9,5,5,5,6,7
1422,0.48,0.4,0.51,0.48,0.47,0.49,0.54,0.45,0.41,0.33,0.52,15,0,0.52,0.41,0.56,0.52,0.41,0.59,0.41,0.5,56,1.4,1,1,1,1,0,0,3,1,14,3,3,0,4,0,8,0,3,1,3,5,5,7,6,5
1423,0.51,0.48,0.54,0.54,0.53,0.5,0.57,0.52,0.51,0.42,0.48,7,1,0.52,0.46,0.5,0.46,0.48,0.49,0.47,0.67,271,9.9,1,1,1,0,0,0,3,0,6,0,3,1,4,1,9,0,2,1,8,6,6,5,7,5
1424,0.25,0.28,0.41,0.39,0.37,0.31,0.37,0.36,0.29,0.28,0.24,15,1,0.32,0.27,0.37,0.33,0.33,0.39,0.36,0.39,276,3.3,0,0,1,0,0,1,5,1,14,0,5,1,1,0,10,0,3,1,7,4,5,6,3,4
1425,0.15,0.0,0.17,0.02,0.02,0.13,0.0,0.09,0.0,0.04,0.04,6,0,0.11,0.0,0.1,0.07,0.02,0.0,0.07,0.09,262,2.6,0,0,1,1,1,0,7,1,7,2,3,0,3,0,4,0,3,1,1,3,2,1,2,2
1426,0.3,0.24,0.52,0.28,0.29,0.41,0.29,0.29,0.29,0.26,0.32,10,0,0.34,0.27,0.36,0.32,0.32,0.36,0.27,0.4,60,1.9,0,0,1,1,0,1,5,2,11,0,3,0,1,0,3,0,0,2,7,4,4,3,6,5
1427,0.46,0.3,0.38,0.38,0.34,0.38,0.34,0.32,0.46,0.42,0.34,12,1,0.38,0.28,0.42,0.48,0.44,0.51,0.37,0.47,219,21.9,1,0,1,1,1,1,6,2,11,3,8,1,0,0,11,0,1,0,4,2,5,7,6,5
1428,0.68,0.6,0.66,0.59,0.56,0.62,0.57,0.48,0.58,0.58,0.5,6,1,0.55,0.59,0.58,0.56,0.66,0.48,0.62,0.63,194,27.7,0,0,1,1,0,1,3,0,7,0,7,1,0,2,8,0,4,2,7,4,6,8,6,6
